-- phpMyAdmin SQL Dump
-- version 5.2.1
-- https://www.phpmyadmin.net/
--
-- Host: 127.0.0.1:3307
-- Generation Time: Jun 17, 2023 at 08:03 PM
-- Server version: 10.4.28-MariaDB
-- PHP Version: 8.0.28

SET SQL_MODE = "NO_AUTO_VALUE_ON_ZERO";
START TRANSACTION;
SET time_zone = "+00:00";


/*!40101 SET @OLD_CHARACTER_SET_CLIENT=@@CHARACTER_SET_CLIENT */;
/*!40101 SET @OLD_CHARACTER_SET_RESULTS=@@CHARACTER_SET_RESULTS */;
/*!40101 SET @OLD_COLLATION_CONNECTION=@@COLLATION_CONNECTION */;
/*!40101 SET NAMES utf8mb4 */;

--
-- Database: `database_web_final`
--

-- --------------------------------------------------------

--
-- Table structure for table `blog`
--

CREATE TABLE `blog` (
  `blogID` int(11) NOT NULL,
  `category` varchar(256) NOT NULL,
  `name` varchar(256) NOT NULL,
  `content` text DEFAULT NULL,
  `image` text NOT NULL,
  `userID` int(11) NOT NULL
) ENGINE=InnoDB DEFAULT CHARSET=utf8mb4 COLLATE=utf8mb4_vietnamese_ci;

--
-- Dumping data for table `blog`
--

INSERT INTO `blog` (`blogID`, `category`, `name`, `content`, `image`, `userID`) VALUES
(1, 'Learn code', 'LEARN TO CODE:\r\nFROM ZERO TO HERO', 'https://codelearn.io/', 'data:image/png;base64,iVBORw0KGgoAAAANSUhEUgAAAYcAAACBCAMAAAAc7oblAAABs1BMVEX///8XLUz45c0xLtEAAABPHNtIINk4KtNUGd1DI9csMc8zLdI7KNQ2K9I/JtZMHtr49/5CANsdI81MS9V0cN7NyvOFfeJxTOFNE9u3qO+am+Q0AtU7HtWNhuTDu/Hi3fhhTt0iENDw7/zl5fn/7tXT0fRnV9wWLUdZKt1KONhBPtVSM9uEZ+QAABBTQ9hbP9wAH0ViKeCWf+gVLUNdX9oXGs0AAAoACxe0trjo18HuQDUaLFQ9QNQQKUoAHETDtaTk076Kgng2KcLDtfLQ0dKcn6Lu7u9wc3ba29xCRkuIJCElK4EdLGSOi+MmK4qIcuUkKnIpLal8WOQAABxST0wcLm7QxLWyqaCalpN1b2deWlY1NTcRITijmIsWHCMmLZthZGl9f4IRLjUbLFs3J7irnOyureqijuuCguE6I6XQw/UkLpU7I6Sys+taWNkuPVZJUmNlaNuCYeUXGB0NITsqL7uQl6CxnO4mKzIAHlkrPFaBeXEADT6loJwADS4AEyJFFxsIEgPHNy8pFRyoMCsdEV0QAEyEJyZ+f5IyEa9pHyDRQD1hP6hJPY1wMXBQP7ZUVXuhj4wZAAAXoklEQVR4nO2diWMS177HIRy2sAxEEycBEyEg0WQsiiwxEiCyPmMWRbIQEGqMVmvVNk2pts29ve27r/etf/I7y+zMsEQSmnS+15smEHEyH77n9zu/8zsnOp0mTZp60uzlV1cfvZiampw8OHg7Pe4f9vX8VRX0eJF8RB6P79qjadewL+qvqCmf2Wy2s3I6nV4IY+FA88WZ65GPw+DEIBALj2d9fNjX9ZfTVQTCvLJicJjtVqeTQ3E9OOwL+6tpwgfN8PDLiP756sNn+w4rhmH1etZndK4ZLXSfnS5DEM61iF4fCkUiSxubGIXV6vNO3PJ4PNdnhn19fxW5PnghiIcQBFIoon+4DzFAeb3wg5HWQJyVPsAYbd9gQSAUT/etRCb4x6SBODW5/LOzMzPjbw+mHl2duIo5OAUQkMTGCkRgtaOP1LwWJE5Bby9/uPvNpZsGO567RdE8zkky19WQXiChf+M0mZ9H9iEI+sqwr/ki6q5nzA4nbw4ks1k0jZOC0EdWHfsRPQJh8twZ9kVfQLkeRcdsNgfhYBfJ6bQ/F4MILa3BLyMrJpPJMznsq76Imv3gI3ZwrOyvSLSf1IuFqSSdEISWNJ2Kxm/5MAfDG31E30WhpxTkcH3Yl3xBdRCN4nGpBxKRZ5Q2Mp2eXjlxnLYb1kLdQDhMJmpeq4efhlxTBpIw2Z3W75e6jEwbRmiIF8O+5Aso1yNflORLzv21ZDc/wOSV0gwxePl5CuZnS5GuFKAhVpEhHgz7ui+W/K98UTJ/MLwJdc2WWEOsUCajljINUrOIAuawstqLF4gh1qAhjLPDvvaLJNfETQfhYHbaHvYKYsmkDUyD1pSZcDBsrvY4LEFDwIGJXh/2lV8guaYc3Li0ubHaJWEVFPkaBohrw774i6OgI4pGJTIu2Z3mZz0OTChAUHNagBiUIAdflI0PDvv+Rs+BGk3laI3DwDQ7Mz51y4E4mA0Pe86XWA4Lk7PaZG5gGjcgDubN5z1HaZaDiXa7r73UWmkGo7doXDIbNvqgALVKURCEiTJ63HPrD7QB6rN1gDHs92MGYoh9u9FIIRlpN/34ZVCzxYnlmpn6MAaDtHlT33Nk4EFElja+dpgIC4jCPb8+rdniBPKPv7o0FsUY3vRpBh5FaHVt32oxYtG02/L4h6AWuPvRzMGH0eiYwwBlM6+dDANGQWxhtBAYmi36URAZATOAEGzf9xmhFWyhR7agMQsLtIXxirZG1IsujRkMowiCY2Xz4VKo79CgINSQ/JWZRiwsFgvtfj3sn/EcyOUbHR012Azfv1nV9z5z6ypoi+dv9imIwmJxvxz2D3kOFIxCDtgIg4PAKhLRb3xthYbQSrHdNR4dNXz/5cAZsAp9+QxyeDzsH/Ic6C3ksPmZsbmDImu0hdaaCLrrYGzU8Oa07IBm2ihE8BymRu8r6+Z9lN+6vrmpohsT6K8HzcIDWA7pRr2rjhtqwpdwfR5/Pj8/v6B0L16b5lVEka2Z05T4wTlWNLmISeOcikjf6ePb+IvbUPjrhduc3PDiHkEOHXvFkskOT+Jv2HvSgcNTFKj5KsfUGMoKpLKh/9sMmMOlMbz8gf44eJkdZnP0Mvrr4z4zaULnW6A9EhATXrvT7lSQ1Ys5XPOyO2i8im0N02TDOJRJJg/h8MBjotpkZJ+cdBslorFwwojv+xWakxu3Py64+a/hxV12jBo6LUQn3zXD4Y4Y3o2U1EGEVmHq6ubncpiDRAYWzCjh4BDo2MQaYzk4pHjMUhCQQ5sIGCvLgdvyqsLB2ia854njcOCR0EHVTQiCzcsn3QQLZZSL44A+t6BZFQ6YCziZxAklvLgPtlFDhwWfZLISSDeTYVVTJMPpwGLrWPUFnpvgv8P3g7dxMCAKo+0cbIbuHIg1xCCUOBB/nJgDpGDlObzwyI1CQRDuB2IO7RjEHBAG+D9/G4e7hk4cEIaRkcDi9ruwMoow+oZAOrbXkQN/q/rxg6EzB7PZ0QbiFPxgNYn88FLBDyYZhx78YMEOknL4BnJ4qsohvAUxQAUCle33+uWwNFgkw+HGYgCB2gJqL7EEJxBu/gCCwfsBgeBf/rT9cIdW9MNkv37AMyoph0udOIS3CQaCIp3abrwLJZeXw1jLyXcF5JZauZQK7KqFCMyBL2wMPD5gED4OxGn7YZ1u94OcQy9+wJm8lMN9eCPUOIQLI1LB9366ktrabjab2z+nKiOI0i5gGJCqgMMOHPgeMxEH9n6r+gHfa3UO8P6azXIQIg7SfMnr7ZOD7C3PcljgOcCbTfFPvpD7gaRB6n7AI3WbH9Q4JN8LAPAfAQcS+bQMkKojOyqGwBymFThcQhplSSj4AT9vUONgv3v5prMNhMDBeUum/jiYbnwh0Tx5/cdGDsPcF19YKTY+0FdlfqCvLEBdoVX9gEtuvcaHpL7C3fjUTrm8s7UoQsERyYBqJpXaUTeE6rg063K5dHdtqn7Qwef9lxwqHHxB3awYhHdcysGD/rpYur44eMaV/rruCsVyoF+ygxTyA1s/E/xA/D/tVuJA/IA2O/eaL4V/5u57CsTg2APqmTYSqWoKeyW1oxYhlkwqcRrP7e7a4D+v5AfIAX9tVuMAX3JGBMI7IeegpN45KB+oM89x8PyAOLDxgV6Q+YFweKDIgfjBAqfYPc4fhFEpsBuLx0C1vFuq1uQcuG9Jj2wBRQ6qeSvLQd0PXTlAEHyM8F49Cw5z/Pz6BZs8YT88FnPg/aDIgY0PFhjbpRwu21Tm00l+VErXGbBTWYRv/HQqNaKmxbriwLRKqczjeD8oxoeeOOjGvWfLgeI5TCIObHwwXhFz6NEP38o4vFKpLyUb/BiUAvVKe2hoCxWKkZrUl5TqGoSD43P8oAueMQc+XUK7DF5yfjDOizl09gMbHyz0bb+Uw5RKvTXMv/MDGSbdGUMAO2WXOT5um1bjequszifi8E10jCg6dg44uAQO02hyzcYHihJz6M0PMGauSzi8hRyeKa0/LArhIdUBQ2CkksrsVuMweWWYeFxeaAo9hP/abaHuLeNwMMXL/+fn4Bc4vGaLTRQO1GIOvcUHi/uOlMO08jpQ8qNwq9Vjwkig8qnF4BkE06pWqwxgZCAib2gL/YUqB/kb7s/NYZYvL6F53aSHjQ+UW8yB84N/nps/0LisJ/MDfeWxhEMQrYsq+CGZVhh+OAkxIQYRNJqJbD6PryXbiknHuMjXOCadOQefeP7A/1O9c3gt/GW/n3sbzQgcgui+c37w8ByMxA+TLv8sj4FL2yXxwcLx4DjMon6NjvGBjQCpVG232vruu++quzU2XgRqIA5ykh8lH5eGiMg+suDZc7DbRJVAvv7Ue11DXBShuH6TIM8BZeIP3Fx88Lg4Dmx9CT5uFGbTbDVB6gexEAcd6td4rsBBKPFBBrVyHI8+9VKhUQIgtlNBsXkrHgcJAUGjCD82GWl8sEv6Zs6Og7jC5Omfg7jA5LnKPj8u8cO04Ae/iIO8zOfm2uik8aGNwyXlCTWXt0IIO5hB6SiRZ1/xCMRiTJyJAcgBfV0kDxcRk6x0Oict850pB6HeehIOItHtHNCK82shPsyKOMjqrcKbsIsf4ATCpjCBSL5DHAKpXeyDQkJywduQAANRwPwIfpVnh6Yi+m8xJl6iCK1Kpg/D4GA/mR9ExuA5vOY4UIgDSwUVvmc4Dka5H9xC75YsPsg5HHRIXFPHgImDUla41Pf483w8HivtVqEhEAcdB+kdelIyrcZpq0W45cPg8Jl+MAl+mOY5ULMoaqOCK7IAqdso+UHcutXFD9MqCVMYhoDdGLzhDcm1HuGPJZBCeVMNxITHdPkC+lgVc8Dp0hWhfWkofrAPyg88BxPlgeLWHyiSECnGB1o4C71LfMAJk8Lac7KBhqRYHJDR/4gEhzy55w2Ap3kVBsWH4jv0hC6ra6LvKUk4rMB/RdRWeb7jw6SsTYBiQZC6PsdBAkJU4+THJWU/6G4qrEDsHcdRibW2lWkxGAAXA3RHGESjjjkE6jhfSmSziaNsrnjUxiHpxKXFIXBAa3CcTsCBNDGR+8rnS+3tGgQEyUx5P0hA0BauyNklPgiBOpkMLy+Hk4eQAdLxFhp6yqwf3nMccIBoVEky9aleQpCyrFnQh5bIW6TKJzpF8cw4OK+LdI17T/bMwXvrmiB+A8dLeZsACQ9sw4YoPqCMigfBbfDv5geuwzWsb2xvbTXfJ8MQxPEe26tRJjOEfIS9lizikG/tkqw21UJPk5kDUSImHpZQd+ucqLv13NQ1FE/gbG/XYDlMChwQhjk4BQ/y69M0e+KziINRiQMMEIYVaIYmaYFBbWOHh3p2BhHYBU38KkdFXSKfyGXzCEseZNjZRTwDsuJLzQHxfBrNpmlxK+m54aBYX1pv52Bq50AZ8TsvKDiCJCoChzmh5C3ioLtvMKyE3wtLDIF0YxkP7hW8AF3C35TI6fYQAzwE5QBb9Qhkdmugyc3vikdVCQYSHn7owGEmyMv15+ewYFTm4HkpcKA4DtA9/CRCuv5gmXvgVuLwaMzw5r106Xkbde/h0kaaIQNTsSFcT75e5r4xDSo1UD/K5rOJZhXEpEtybeGhff3BFyXyRc/B+sNjfj2OQn0xFDcu0XfEHIxdOVCzt2kFDnAG8SOOBWRcwp9t6ZNwSr2IB6ZWXnI1+USrzhdjA+VqAAYJqNbuVlm2DBTZtIiL3goc0Po06WQ6D+txfLsGNf8t1BzFrT+sCxyMPXAw+u+4FTi4oqNhtBi9mClXq7s7NWSNQCWZ1C9jQ9RBgweRTzRLAOyIauIpUAssViqVNCRYlq1Qh1YkxVYlDg6uoew8cLjBt83gG/8tzQ5MJATK4kNHDq+VOOg+GH5ES27pSiWVYUCZyeAVno9JYogUA6rZfL6YzRVKqN5Xk6ySBqqAX64ryYalVZgYCD1k55/DvKmdAx6XHgsceokPRr/LqMThILrGN8nES4FUqYSH/o9JHCECqTgAx8e4bW+nlh6RLpLCQN5iH1msSjlEnllg9izJi5T7Zs4LB74YTgIC4kBu/BUxh17GJd26W4GDP7oSbrKJaB1lpKkdXLUIJz+mcf6U2YH6VEsvCktxXHPlFsPlsCPp72R+cFjE9UYZB76fTy0+dOznix7Mzvpd6n0zvm79fC6F57v185mkHBZottBHGjb64vBaiYPuw9jmIVn3CXz6hHtZUdki0Az/VBDdc4kRUp92arXMbhWAT9xDFenSQ2jDYhS18sk5sP2tan7o0t9qttttN26q95F16W914udFDazXpBwU+1tdlJwDGx+Mc2IOvYxLOr/SuASn1LZnh00yuDCZFBTm8PPHnwuVETVVPu1WW+WMMO9ISTlEvoLDkmyraFu/96gKBwPZH2dT4+Agm+TMahyk/d5Web83fkiseSkH8XIcXnFDHPz89IF+yXPAN57um4NunVbg4Ic/9ybaU4LiM8pCcf9kYPudLBhIFeA/sJFC2ki2RFmM8qME2vc/qHGQ7YDosA+l+zqQs23/g5gRrifdkHGQFL7Z/Q+zQtsM/rHWufhAGjb6Gpd04qkczwFN5Wybhx/JeztVI5O6RX2zexufCIu00xhFaekkToWDYnwgY9MgOCjuQ+mDg4nnMNPGgWIrfWIOxt44+JXGJd2MD/7cqzA/Er3R0++EXrKeJE2XQk6Lse0kgb78MBgOXf3g7MaB25cVFDj8wPmBXYBw9e0HUXuriANM5A22ZxH98ntuchD4eVnf3sLUSWnJHrnIQ1poGenAQaXvvvs+xZ45dPGDs+dxSdSu8YLnQMYlv67f+CAemEQcpqEhUPtMcnkbb2hYfP+TfFNWFwVqMcmwBJNW+gsZht79YBtgfLB/ZnywtnOYJDeaW4HAN7onP1h4Dn5FP7gu2bAh0E7c7Uple1nfQ4u3lIMkPIQ2aK7PsxMHYRQaFZ0nIDlNgNzyqJSDWS6Bg9Mp3xznbD9PAC+4iT9n8yWvyoECmMNrD8Wt0BEOHu7GsxzQPUcFJpZDW38rJ9Jn+a3kPAFOB1F4L/CJ3nhV7pdanxhG0oxkYdrcnrQiDlx9tU1jvZyvMe5Tkwc/f9XWw/kaigdo3EJPdzlf4zV/ugaF32AvTdwBGkY0/Z6k0Ul4SDT+x9bdnDyi8zXQeRqkxvDAIj5fgzfEfc4QWIdMbUslaQ2MVBQCR6Amnj2EcHRo/y1aqFtURW3fqyT1v/7nOdKG66d19fmzsUKGMPC/MvGQec8A6S6sLXakyoBdpcldVdzpHbGi9cBT+TEvulz3YcrEdeAfxopo1a0sJK6BKiCFpB3QEhdcAyNbu7gYKLZD5I1idNDUi95CQzjYTleyBpdlqhyIQOZYVwDwk8VYph6rsVMMOER9Ynbb7aCHwak9WdLUm76Bk+oVYgdAHilyIODbvagrAjgeLe4G0mXQyqQW06naTh1U8eqDNDpE9mF6JqvwaepZwajNQE4z3mPYh1hHQAzIIFx3wMhWKUba8LktW2nxtgc8haMVT/zS1IteoV95jH/NNL+7JAuqiwEYmkm3DL9dOpBObdVSKb65YFey68GKhiXtHOMTy38TTqC+Rxz2eBAJUK1VW0XyqSRfFVdaxYc6oHq3sPtC0wk0HbXZzHgSsQfYJm549+ssk+OMytwuAySjkgW1Tg3tZ7gQmkAgnhJHFNjHimy3RqmuTGHkkxhDaMnKz+Q1nVSu+2abjXTh74naZZAKQHFpLlApSVspV4zaqPT5CkZRiIiQ5LWVE/qHC0BpN3sg/SnGyDaeUJQ2Kn2+DvgQccyUGNAqkDbiAihX5B0zgUW0hVHSwxdZQ31U7r4KKpoUhUPEWkS/Vy/q8tlmHboCjk+l4+QvpZ0UbttDWqykMuU6eCLbLb2Bq/Hy1R9NJ9GlMZvDvBGJsVlStgDiWV0OoH0qy4eRarVaLpdKpWNQKjBA3sBnhXbQgsNg5LebHQ7HU2FfQ7EM+G3Rx6DVxHlsvgzzqSPJ9C303Ikw3Onw2pr6UNCDfp+i6MCGPMjmAarjHcbRrpQiKOqyzVKr1KrGRYYILZkRhm87vLKmvjSNQDwRgagn8rEY2NuLkTpsrlEApdjf/sXE4yIMeodRS5UGqwOP+dnfc/wEIg/yRVBKAEDqG3ldk8lnwa/3/hEXynsQAzqoV8MwUL3wMTldvgRymESuBfPWki5PdsoliuhEjSz47d5v8Xidc8TzlT++/v33f29sJzq+sKb+9AggAoljUEjkEyDbBM0S+0yO3Ohi/N/u3YuDXBU8OYRK/ojr4HX0sZFVfVlNfSoP2IOtmgyIJfKgWGQ5bDPsXukvIYd/Mi1dolAF+DQschxNo5ktgcZQrvlCqsWNL1mAaq66BBmUGoDzBeLwaxxnt7kGOdIBHUqWj0GvtBpnf8EXVEVuO26hDGfT8EbjQ31azJMG+w0lyOHeP44RFvgcrpKjA5jy+ASauhYlBqUiAE041ORgqppD84eirtiEk4gnTfZ5zOGfcRTKYUAgOW6ukWskdNAi3Cim6fMF81QGMC2EIacrAbRHcY/r5NCxHH5j4MOlFjpsBiuP/ouO4KgP66ovoIrVWKnULKA9omij4h6aO4f4cgfm8Cv4jz9+B618ni2QE0gFGEeGcsUXVblS6Kefft9f++kXbr52GOeWJFp/Qxw27JTxJwiqDsemfLGAhqcjxKHZ6WU19S3XZY/T7rSaH7KNfsdV7pkE+Ne9//wvtHXP99+NUq4MWq16Am2zPkJmKHR4TU0n0aTXiTYRfLWESTAN/okc+B8HZbWaPOu4xzdLfjMKgJ7I5TQ/DF7BWz4EAloiJGps0un8/0uZrFajke/qLmYTiRJoQgTluJa3Dl6uCR/e27G/GtkD/Ir1WzuFNnxfk/aLNUCukc1r87jT0WsbtITT6tzkw8PMgsdrtXK/KkpQA1RLjOysaU0Dk3/Cg7aWWf/4PzzJnp1Au5q8nuttbUrFUqta14LD6Sl4zYP3mW0e5WdfeX1oSJpX3OCQ1+WVHtY0KE16fZCE17ePKfg8V7XumOHI9YgMTlZoC8+61jk5PM0uYBIwMCj/HiNNZ6XggsfnWdAoDF/BiYNhX4ImTZousv4fYTNGRyLJmm0AAAAASUVORK5CYII=', 4),
(2, 'Learn WEb', 'Learn web development', 'https://developer.mozilla.org/en-US/docs/Learn', 'data:image/jpeg;base64,/9j/4AAQSkZJRgABAQAAAQABAAD/2wCEAAoHCBUVFRgVEhUYGBgaGRgYGRgYHRwZGhoaGBoaGRgYGBgcIS4lHB4rHxoZJzgmKy8xNTU1GiQ7QDs0Py40NTEBDAwMEA8QHxISHjQrJSw/ND80NDQ0NDQ0NjQ0NTQ0NjY0NjQ0NDQ0NDY0NDQ0NDQ0NjQ0NDQ0NDQ0NTQ0NDQ0NP/AABEIAJ8BPgMBIgACEQEDEQH/xAAbAAEBAAIDAQAAAAAAAAAAAAAAAQQFAgMGB//EADoQAAIBAgQCBwcDAwQDAQAAAAECAAMRBBIhMQVBIlFhcYGRwQYTMqGx0eFCUvAUYnI0gqKyIzPCFf/EABoBAQEAAwEBAAAAAAAAAAAAAAABAgMEBQb/xAAsEQACAgEDAwIFBAMAAAAAAAAAAQIRAxIhMQRBURNhBSJxocEysdHwFIGR/9oADAMBAAIRAxEAPwD30RE9M8sREQBETpxWIWmjO+w8z1AdpMgO6JrsLjXY3qKqg7KLlh/k17E9lpsZWmuTKUXHkREQYiIiAIiIAiIgCIiAIiIAiIgCIiAIiIAiWSQCIlgEiIlAiIgCIiAIiIAiIgCIiAIidOKxIQbXY7DrkSbdIzhCU5KMVbZmULA3bq0mr47SZ8jWOXPmPcFIUnszW853US+7lf8AEDbxvMnNeEqlZvy4Z4K1V/owy2ZiFFlv1AEgbXt1fzWXiuMFGkX3bZV62Jsv37hOdfGIjBW+I2IVQSSLDWw2HbOnjWHOIpjKQCGV1vsctxY+BPjI7rgmGeOedLI9rV/Q8/TwrlDiWclgWu3SJBFtFt8K69gFh1z1OGcsiltyoJ77azU4LBVLLTZQqi5J0ZmuQSAeSkAAgb27dN6yZVG2uvbMVtyeh8Vz451CFOr3VbLstjhERNh4wiIgCIiAIiIAiJZASJYgCIiCiIiAIl/MkAREQQREWgpJYiCEiWIBIiJQIiIAiIgCYWDp+8qsx5EqvO1r30/m82BQi2m4vMXDqabMRsSWHZcWIMiezrk7+hnGEnqdNrY2bUhTBOjGxH0HhufCYNPacSS1gb2sPK2lvCdzAC1uoecwiq5J1eVS+VO65ZquD0lZTXqnVySbb2/So7ALaTZYfKSTqFJJA590x3pIpsAbn4UUEkk2JsB4zPocNZre+bIv7FPSI/uYbdw85cmRc2cWHBLvX18mMcQL2BJ2BIBIGbQZiNrk21kqAM4VjZQtzfmdbDu0OnaJtMdTVaBCAKt0sLf3rr2+MwHQEAk3OvgJhCerc6ouOGafJx0uQvwg2EsAW2ibTnnLVJvyIiJTAREsgJEsQBEWl/MhSRKPtH5gEiUH0kgFknLW+l9+zqkI+kASSn7yn7QDjEv5j8QCRLH4gEiIlAiIghIliASIiUCImBxfGmmgyau5yIO08/D7Qt3RUm3SNrQrBb3+Ll3TqJmmwfCioLvq9ixdtXYgA3UHW2o1HKbfCkso5G1yeenV1SNJbpm2cHFLctZ1XVzYWHfsPKcqWHqVBe3u062HTP8Aiu/n4AyYVQa9MEXHTPiF0PfN1VbpDuHz7/5tNE5tPSjZCC06jEo0VpC1Man4mbVjz1PIc7d+gnN+23z6huT9e4zkbWFz16D+fw3E4Vagte4t2XtsLAX38NSL22mtGym1ZMf/AKc96/8Add+2aypVVRmZlVQNWJAAHWSdJsvdtUUIQQtwSf1GzBgL8hoO09k+Ke03CK9GoWqrdHJam4N1KE3FuaHXUHnffeYvN6ceL3MvQ9Rrej6phMdSqgmlURwNDkYNbvsdJ3z477O4p0xNI0ybs6IQL9JWYBlI5ix9Z9im7Bl9RXRz58PpSST5ERLN5zkliIAgRL585CgQfDnKPHlKPH9XVBSeXKT8y36r8otfr2JMAeXKAO7b1mNxJHNNxTYq+UlSLXzAXX7eM0GH44f6BqzN01DU76Xzk9E2/wAWDecqTa2MXJJ7np/vDek87wLjDijW/qCS9FmLBrA2y3APbcMPKa/E8QxKYFKxqNndxr0dEIfKo02OUHxl0u6JqVWezB7uck8zg1dnQDiSOcwOQZCWA1ZdHvqAZj4rGVGxdWkcV7hFVSt8lvhTojNb9xO/KNG/I1+x678x+J5vgGOqnEPRNUV6aoWFRQosdLDMuh3I3O2nOelv6SNU6LF2jjaX8Rb1lB9JCnGJftKd+e8A4xLf6esH7wCRESkJEskATV8Vw7M9JwLqucHsLAWPdp9JtIlTp2ZQlpdmM2JZrqgygkk63JvvvoPC3bMimMoFuUBQNhLJt2LPI5M5YT/UU+5/+pm1xPxDuG+o7dPr+JqKQcVUZVzAZr62Gq23seZGk2ow7N0nN/7QLDTbT1N/Cc2TaVnXiVwVmMaummu5ufh8LasdNxpsQeU78MinUks3b1dQ5AabC04PTLkAKVyk6EW5cyZ2hUQam5HkPvMGzZW5k1LgdEX7L207OV5peKYFGRVCZwFKFT0iARaxA7Cw8ZkPxMA3JsACddBbrvMJ+P4YKaiVFYjXIhUsxPK24B6z2zRPTKLTZvxwmpJxTZ5KhwnDcPqjEWqO6lhSpsygK9rXJy36Ivqb7jQma3iXtLXqvmz5TfoqnRUd/wC8995sOL45K93qnUkkBdCOWg8t559KqIGy3zmwU31Auc2v6biw0nd8PhFY70u75ZxfE4uOSnJccJ8P3PofCMSz0194V94AM6qRdSdQGUfC1rXHI3mdPnvsrRqPiFdNET4yNBYggL239J9CnROOl0cMZalYlEkp9euazMfz5y29eUgH88ZysfmecFIOXhyg/flF+vsgj53gFHhy5SH78oP2lANvA2kBNvMcp4c8Hq/1JpZH9wawqlspyWALWzbcyk91Yk+I+k4208PWZRk0YyjqPG+03DaxxDe4RilcIHKqSoZWAu1vhHRU+LTP9rMCxwyU6KM2V0AVFLEKqOt7DltPSW+sAaeA+sut7exNC39zymEroroV4bURrgZ8lst9Cb20AvMfF0CuMrPUwr1kZVC2Qst8qdIE6cmHiZ7Qrr2XP0nFgfkJFPcOB5ThGFc4oVadBsPSCEOrDLnNjboddyvdl7Z6sD05R+Y/EN2WKon5lX7cosfrFjy6xIZEi31genrEEB9I/Mtjbw9YP3gHGIlJ9ecAkksSkJERKDkiFjYC5nfVoCmoZhdj8Kg2ue08+4TFesyAspsVBPfbW02FDGLUQe9SwP6iOifHlNGWUlwdOGEZK2Y2E4swOVkFuQUWI7Lc5uDVFgb6HY8te2Yf/wCYpNyxK9WmvYW3I7CbTW4ijivf5qeJpLhwQPdGmS9gLMubNqSb2NtL7G2vNOabuqOjHjcVTlZtK+JOw07/ALfzwmDWxSKCzuoHMkjnNjiMGGFgbdnoD+n6dk0nG8NQNNlLEbXYHRbEaXN7nsEXO6grNsdHM3S/BKuPwhVs9RGBBBAu1wRqNNT/ADWeIamju3uUyITcLctZdrsxv/DMrF4agqE06ru9xZSpUHXU3I6py4XxNlVqORcrnVrHPcajpcxpt2mR9D1E4ubSSW/udeL4h0mKahjk25NL2V7HnMejo2VgQdz3XsDfqmJN1x/4/wDYP+zTSz2enm544yfdHznWY/TzygnaTfPJ7T2D+Cr/AJL9J6ueT9gvhq/5L9J6wTTk/UxD9KEv82knIb/n1mszPJcWw/vcclIu6KaQJyNlNxnPaOXVOPEaT4ApVSq70y+R0qHNyJ02ANgeWhA3mXxXBYgYpcRQRXAphekwAuc4NxcH9QnGrwzE4lk/qsiU0bNkQ5ix7Tc9177E982Jra3samufJruOVKf9ay16tRKeRDdCw6WVbaAHt5TNweBoVaNYYSvVdiAAXLDK69JLXUEX2PZO3G4PELiziKNNHBRVGZgBstzvcaibPhtXEMW9/RRBYkFHzEm+t9eqG/lVfuipbuzXcJ44BgmqPq9IZCDuWGiX77rfuM03EKbpgabs756lYOxuQbMj5Vv1WANusmZ2O9m3bEnJYYd3R3GYDUXLDLudS1v8+ybL2r4c9eiiUlBYOGIuB0Qjjn3iLimq7kak077Gr4WmCeqgp4nEM+dSqMXsSvSIN0AI0Ol5l8LcnH4lSxsEFhckD4NhymVhsRjcy5sNSC5luQ4uBpcjXqvMJ8HiqeKrVqNNHVwAMzgaALra4N7rHN7/AHLVV/Bl+1GPdFSnSOV6r5A37RoDY8jdl+cxcT7NZEapSxFb3qrmzFtGI1II3A05k9t53Y3h1fE0v/KqUqqOGpsrZhtqGIJtrbXlYTqrf/oVENI06aZhlapm3U6EgAmxPd5SJ0lT+pWre6MDjHFHq4CnVuVf3uVst1uVV9dOvQ2jjGFGERatHE1M2Zei7hgwO/RAFx33E2HF/Z9/6SnQoAOyOGJJC36L5m1Nhqw0mdhPZ3CoQ60RmFiCzM1j12YkXlUopbf8MdMm9zQ8b4hVp4tKiBujSR3QXtlJbOCOwHflbsmx9peMf+FUoG7VUz3GhWmFLM3ZsR4HqmVU4czY0VmUGmaLIbsNzmuCu9rH5zGw/s0KSYjI2d3R0p30yqwNkueZJFz2DtjVHa+39+xdMt6NZxCqw4bRYM2YuNbm51fnznZwxME9RFTE4hnzKQpL2JHSsbpa2nXMnG8HrNgaVBVGdWuwzLoLvzvbmJl0MRjQVDYakBdbnOLgbE79UtqnT89yVvv7Glx/EKtLG1nTM6IELpfTIUQE25aka8u68zq2MWrjsM1NiUem21wNqt7r1gj5TNwnDnGMr1XUGm6BVNwb6ICCu/6W3mDg/Zx6WMR6djRBY6sAUzIwy66kXI17Y1R+34FS+5g8Y4SKNXDolasRUcqxZ9QMyDo2A16R3vynq+GcPWgpVXdwWzXchjsBYEAaaTA45w6pUq4Z0UFablnJIFhmQ6A7/CdpvPzMZO0jKKpsSfmImBmJJZJSCImRgqWZhfYan7SN0rLGLk6RwxGGtRdm/Y+Uf7TYmc8Ax90o5W28Z2cXe9Op1BHA8jOrAfAvdOZttWz0IxUVSO9Myf8ArOn7T8Ph1TtHEF/UpD/ttc+B6pwmub/U/wCxfq8xST5MjPqMz/Ecq/tX/wCjznmfa6pb3aDQdJyP+K//AFPUTxHtJWzYhv7Qq+QufmTOvoY3lT8HH10qxNeaNRiHyqpKt0ibH9Nl0Nus38rdsuHxC3BB1HLnMrjBY0qS5CFRWYtY2LMbnl2add51YPgD18Oteg2YkuCh6J6LFeix0O2xtO3/AC8Uk4tre1RyPos+Jqai1VNPt5MLjjXbMNsgHjmOnzmtp4VipY6KLant0FhMx/eh/dZHLk2yZbtfuIvPT8H9lHYH+rtlbKxRW6XR2ViB9D4zXOUMEEovb8GXz9Tkcprd+OLMj2BqUnpvRWmVZSGaqCSGLaAG+xsNhp5zf1KZU5Tv/NpkYXDpTUJTUIo2VRYd/f2zIxaZkzc137uf3nA8tzb7M63g0wXlGtl+8kTcc5R/POUHXz5TjL+YBfxA+8X9OcX9YKLa+UW6u2Ljq6ucX9YBVP1H0i1x4SfcRf6dfbICrqdev0kG3h6yrvy367cpx5eHrAORP1MdXhJf1i/pFCyk3/5QGv8A8Yv3c+cDY7cucFJb1gH6iDsPHnH4lIQn6esslu7b1l58j4wQh9I/PKPt6yQBERKQSREATP4Vu3cJgTIwVXK3YdJhkVxZsxOpI7a9MMrIdmBU2310koUwihRymViEsbjYzpnNex3iays4WuWN7LTBNhc2Gc6AbmbOYJpt7/NY5cgF+Vxm+4hdymJh/aGm6s2Vwq8yBrYXNgD1fWeYpr76uB+97nuLXPkt/KeyqcJoklsgDNuwA7dbHS+vVrzvMHCezNJKy187syXyqcoUFgQWsqjWxPZM+nz5MN7J338DqunwZ0mm1Xars2WI4dSqfHTVt9x17zzWGxWIou6rQYUqZNginIqkmwUfqFtbr16z1889iOMvUdqWFXMyllJBsBlOViX2Av1XM0tLkrlJqm9jT4rjKtiqdUD4Qqggi2Vr5r3H9zfwTLxvFcTUy+4pvlY2VwrZb9/V/cdJmr7NlhnqVT73kygZF7Mp1YdpIPdOo8VqYUhMSAVIOVlN1YC18vNdxoY37mJ6YzsH/rf/ABb/AKzrA5Tlj2Cpl5tp57/KZVbSMZuotmuiSWdp5wlJ9ZIEhS/iU+POcYgHIn0k/MA+kQDlmN+e46uqO6+2vnOPlF4otlHjvC3t4D6yDwj7esApPfz+kn2EfmD6CAUk7dWaL26+UH7wfDlAF/WU3533HV1TjA+0Cx9vWXN1dfZOP8+cvlBCS/mSJQIkiCCIiUCIiAZ2FxWmV9Z3tR5rqPnNVO6liWXt+v58Zzzxd0dWPN2kZUSri1b4gL+R/M7MinZrd49Zqaa5OhST4OqJ2+5PIqfGPcN1fMSFOqYmD4dSpF2poELks1r6kkk2BOmpJsLambD3DdnmI90ObDw1gHVMbGcKp4gBaqBwDexvbtBtuDYXB0Npms6Lqde/QTGq8QJ0QaeQ+5mSi5cIwlOMeWZb1Fpi5Nz1+gmrqOXOZvAdX5nE3JuxufkO4RN8IKO/c5cmVy2XAlkibDSWJIgFiSWAIiJClv6SREoLJeIgHK+vPnJeSJAX8x+JIgFlJP0nGIBSf54yREAREkpBERKBERAEREAREQAYW42JHcfTaImJU2uDmKr/ALvMCX379Y8vzOuJNK8GXqS8nYaz9Y8vzOBdjux8LD6SRGleA5yfcmUb/M6yxEyMBERKBERAEREAREQBERAEREASyRICxJEAsSRAEskQBERKBERAEREAREQD/9k=', 4),
(3, 'AI', 'Generative AI Strategy', 'https://huyenchip.com/2023/06/07/generative-ai-strategy.html', 'data:image/jpeg;base64,/9j/4AAQSkZJRgABAQAAAQABAAD/2wCEAAoHCBUWFRgVFhUYGBgYGhgcGhwaGBocGRgeGBwaHBgYHBgcIS4lHCErIxgZJjgmKy8xNTY1GiQ7QDszPy40NTEBDAwMEA8QHxISHzQsJCs0NDQ0NDQ0NDQ0NDQ0NjQ0NDQ0NDQ0NDQ0NDQ0NDQ0NDQ0NDQ0NDQ0NDQ0NDQ0NDQ0NP/AABEIALcBEwMBIgACEQEDEQH/xAAcAAABBQEBAQAAAAAAAAAAAAAEAAIDBQYBBwj/xAA/EAACAQIEAwYDBgQFAwUAAAABAhEAAwQSITEFQVEGImFxgZETMqFCUrHB0fAUcoLhB2KSwvEjM7IVFkNzov/EABkBAAMBAQEAAAAAAAAAAAAAAAECAwQABf/EACgRAAICAgMAAQMEAwEAAAAAAAABAhESIQMxQSITUWEEMnGBI8HRFP/aAAwDAQACEQMRAD8A8lmpLLxQ81Nh1k1qUnZN9bJ7lwx0FSKkgGpMevcFR227q0/uySdq0NSxmmOVQFjtR2DEs2sUPeswZmg1qxlLdMHp6CmmnJtSDs7FONcBpCmQh0U8VNgsFcutltozn/KJjzPKrgdkcXElAPAsJ+lMBlFXQKMxXCr1v50YDruPcUKK5CNnQK6BSFOAp0IxCnCuiuxTImx9q4VII3q24ZxRxcDGW30mDprAPLaqcCiMLdyOGiYnTzBH50yJySYQwa65ObUnUtpEnmaka21uCCGOsgHMGUxuByOvjQpdZOUkT6R7b002+eh8iJ9txTC0GfxCA6I08gzyi6b5Yk+p96FkUhcIO+0b6/Q07MCdh+H9q5MViY6muTUrIDrUFPk0KqYiK4VpZqQajaYdjSK4VqUU9ia7EOQKRXIokIDy9q4bP7IpXEOSBorlSuhG9MilodMeGpVylRti0ihp+H32mmGpMOTOlYV2erLotOIgfDWDUKWyEBinY1CEUmo7dzugE1VvZnivj/ZNw7VmofETmIovAHVudDYm3JJUVz/acnUmCGnKa4RSFSLDwRWv7Kdi7mIcPdR0tDXUFWfwWdQPH2p/+HHBVvXmvOuZLUZQdi52nrlAnzK17HgGAMmhKVdASsr8Dw61aQJbRVUclA+vU0sRbFao4dHAJUHx5+4rPdo8Pl1WQPCanGVsMo0jN4+wpBkVheL8IQsSvdPht6itPi8U33j71V3lLb61eOjNJ2Yu5bKkqRBFcFa3inAC4VgYaNJGjdBNZOKrHYjYhXRSAp4FMhGzldiugV0CnQjYq7Siu0QCWnk0ylXALHBjMpH+1WOkHmZHpTBZBPIjwLA/Uae1NwOHzmNcs947QNBudB60RZWLzgAmA8bjZTrpOunKusFAD2hvqB4wd9tQaabekyDvz10jkdedW2HE3U7u9uIj/J4GZH5c6rntFWIZSOgII5+PtXIYhQ6ipX386iTcUQQCTJiCY9fy0qiFZJh7RmdoGaulWYim2brAkA/nt/xU+Gu7g9Znxp1TJStbIMZbIC6cv3NAkVbY8ggEAjce1VTUklsfjdobFKuzSpKKFDFJSRtXU3rjb1hPVJHvsRBMikLhqOu11s6kE4fFFCdN6mfEyNooEUYykATTKTonKMbB4JNdip7YJqQW26VyR2VGgGKa1w61bQlWxNx2fLIJUNkiRyhDVn2HFxXcC66E2rr6GUDgZhKHux6VXWryqmCdzCLnVjyAa5cViZ6BiaP4M7G4FAyF2WwwOhVndVdPMAMfIeNLXYHI3/ZnhV+6qXsViLlwsAyWlLW7SAgGXRCM58G0/K341wu3lUqoXcd2Vnx0olXgZRsP3FVvGeKnLlC/KNTP4nlUlbeh5NKOzKcTweWSD76/3qk+M4OqqfKR+tWr41rxhQPT86rAhkgjX8K0JGSUi34vx9Rh1UIhyhDmJYEZokbcprzi8wZmYaAkn3M1quL2wcO0HVVXNOxIbSD5GsoBVIRSEcmzgFOiugVLbtz0EczVUibZGBXQKnGHPJlP9QH4xTv4RuSz5EH8DRoW0QRU+HUwx00A8zryprWHG6sPQ1NhAe9BI05GD/euSFb0JcOzagCNOQ5z+lQFd6s8Li8q7DYCOZ/etBXyCxgQNY9qLQFJkvCSA6EmBnAnKSASViYYfn5UcmHz37oALCbk5diApg/ajqN4oHhjDMJui2MwzSzrmGk6qOg8N6Kd1+M7KQ6zcIObUyuhnefzrktjvodhz/1UB0GQbmVIyc4j11oW/cMsIWFaAAQQBPKdTqBr5eFG4Nv+qkAg5DvOvcOkrr+lBYqwZzHKCTtDjMRuQXGvvTVs5ICDeFSl0OpUjyP60ORSNMdQQpUbH3P9qdbUTvpvyP4UKBUmGMMJ21B9dPzrgOOgllBB15SPTrQLrVhfcEkg6ZYA5iNB686DUb1zdnRjQPSqTJSoYjbM+lJt6S70n3rzj1TqLJqY4eo7O9E/FO1FJCybvQxMMTtR16wQonWdqHwzjMcxjSp3vZlAnamSQjbsdhbcamrPDWg7BeZqttDuEzEUfwS4c5bmBVIq2kQ5ZNRckXmP4YjYNlXVrTT6OPwkMfWo/wDDy2buKth2ZjZDOoZie6BlWJ5AsvtRGFxhBYEZc6kNI+YTPrsKm/w7xBXGPaIUq1u4UaO8veQsobodTHUUOWNK0T/TcjnpnrWEVSSG6Gspxa3IZVgTIkiTB3q/uExVTibRPKs0dM1zdqiv7LcCRGk98ty2A05RtQHHuHhblxCchKZlMEksCBl05GfpWk4LiltF2edBpClj4wo1NCdpbqNftNrsWYFSrFQMx0O23PpTpvIlJLE887QWGsotozmZiW8IghfD5hpvpWeFaHtfiy9wSZbVm82iB6AVQqK1wWtmVv7HAKJtL3W9PTeoQKJtDut/T+dOkTkyKKLwNlWFyROW2zL4EMon2JriYcG2zzqroscu+twk/wD4HvVp2YwVxzeyozD4F0aKTqQAB56jShLSBHbKZCw2JHkYpxuPzY+pmtVg+yOJYf8AZYeZUfiareJcMNslWEEUyxlpPZJ8ji/knRSm4ecH0FPs5SwUwAdJE01lqbCZcwzLmE6iSOfUUUi2qsBK0RZtMw0E0y4O8fM/jRWGvlFIHOmilewttLQKZHhXMzbSY86lcTrTAtFoZCFrSZPt/en/AMMSQBqWMAQZJ6ACZNShTA0OvPlvtPpWnwfAleytxriISCFUtlL5dsu2Un1mRtQlS7BbZkfgGJ05j286YqVZsCIkEaa9RpPOg2QBo3EHXbXWuaOTZE6FTB6Kf9QBH0NMXnVquFR1DNdUNEQSfsiFHsBVci1yQydkEUqky0qNDGaUUmGtPVK6yVgxPQyG2960N7sliQi3FXMG1gHX61QKteu9oOMPawNt0Cg5VGvjRUScpNNUeT4jDOjZXUq3Q/2qMURjcU91y7mWPtUQFCh70SL8po/gr5bgkwD+xQ9i3oaciQZqsE00zPy04uP3NbimzKc2gGxqv7JYz4ePtNPdL5T/AFgp/uHtQQxDuInShUQg5hoQdD0q04qS0Yf08HxXbPoJhNR4t0VPllv3pWM7M9tg1pziSB8MausyyzGZkGoIlQSNyw0rZuVdAyMGUgRFYJQcXs9BStaKbE4sIJZGGnIZh7rNZZMQHLsZJLTPTfQ/T2q9467qCoaAazPFLnw8MCGBNzMMoJlTJUkjqVE+1WhEy8km3RlMXeLuzn7Rn05D2imAVwCngVoSJNiAqx4XgLl4lLaM7GNANt9SdgPE0JYss7BVBZjoABJPhFev9msJZwuHWGEuod2Md5iBoD0GwHnQnLFa7DGOT26RlsR2T+BZC3HEuc7kfKpRLpVAfXfn066/sdi7H8NbVGXu2zmAIkMpGefHMZ/qHWoMPjTiA8hWTMVykTPcuGfcCqDsbhMnx1GyriEGkSAbABj+ms8spJqRSMowacfTZ3u0FgIxV0OUAmDO5AH1IrzvtLxRbryuwEA9fGhFwjWzibQMnJby+Ia7aKz4wwqkuXCa08HFGLtGbn5J8lJ9ETnWkkEjf0qXGKA7gDQM0e5ii+L4RbV4ouyBPU5FJPqZPrV62cm6K24O8fM/jU+GcKDImmOnePmfxqeygimjBlWriL+IXKRl1NDItEPapgWucX6OkkghrK5UOY8s0roO82xB15e9ei4YsqIxUfCVLaZgAxjuMhIzQIMg6RLcorz1EYqogxHTqTWx4NxVVtotzR7asoXKxDAsSMzRsDG24PmKlzcbaTSEjJLsznHLQ/iLxzaZ2IJEDvSWHPQTVbjMPlaAIiR7Eifwqwdg9wl5UO7FmAJAzNJYKY5R0oXE6x5dZqqhqgKeyuyVIiVPkqW3ao4jOQD8OlR3wKVdiLkYxRTmWpBZNNZYrFVG1STYxV/A16x2gwQbh1s5xIRGAbY6bV5Sg1r2O/hRd4dbW5lVTbWGaIHd0MnagLOXR445kzAHlXFFWPEuHfCIHxLbzPyPmjz0oNELEKoJJMAAEkk8gBuaFFlK0TWV09qsUwoIkVpezXY4jv4k5QdkU97wzNsvkJ8xVljOy7KSbLoy8lfusPCRofpVISj0zPzKXhjMDhHYtlQkdY096jsYG495LMAM7Ksk6LmOVSxEwMxArY2+E31Qjusx0Co4X6ka+VUmFxIsYlDfwrFYZWR2BLBtCykqACCJ30I3FGU/jSJxW7ZNjMFewaFMRZKGSxYZG+L37eUKw0yqqEwebLI3qktcdxFi5Nq46rCkrIYN94kEQWmRmHSr3tkQ7L8JrzW8oIS7cD/DJEwveaBHKareEYBy0i1bY8/iDuAc9/TnSR43ONspKcYvQdc7R3r1s3HRIXLMZhOYkAgayJBG9U+Nxr3CM0ADYDbxPif0rUYrC3PgXFKYNMi5tIzKEYMQgnRiQRHOSOdUuBwpvMiE2gHJVWnLDRMHnMAwDvTRSXZCTt6RUqKPwHDrl1iqKSQCx8ANzRnCsIWxCIlkXMxKqHY5HInXOogDSeeg51psX2JcOGdg6kjOIaUB3ymRty09KbJJ1YuEmrrRSdl+Gl79ko5Vhc7/AHZCoFJnXctDLBHMV6bb7LWwDDPBkkZyRLGSQp0XXXQCuYDhGHUA2AAVOb/NMRmYnVjqddaLS7eQmR8QQdBAce5g/TyrLycjk/izTDjjGPyV/kbw/gyWUKqSTnLDYa5SI0G0E1BguHKjXWCwSbh8w5Vjp5iPSo7XafMWUYe8zLJOULsNDEsJOuwoLE9rFXPmw95QFJlsizJ5AtJ9qRR5G3Yslx0sekOTg2S/cv6EOoVd9AFTQjbddKzuI7HvluhYChUdQDLEpafQk6d52/GrG729sFY+Fc3/AMvh4+Fcbt7Ygj4LyVjdekVoiuZdIg1x32Uv/tO4b3eXMC6EqNyrZy3lBXL11pnbXhzJfQnXMo2P3TGx8Iq7Xt7ZDBvgP7r1J/OqDtVx1cWUZbboUzbkGQ0dPKr8f1XNOS0CWCjp7M8/zHzP41IjxUdxGzHQ7nketdFtvut7GtqDCSapkrXfCo0fvDzFL4bfdb/SaQtN91v9JoNDuSos8GheFmDDRy58+u5o2xaCXbYYMcxAymCNhoQZB/tQvC8Qo0KgOo3IgwWWPE0ZexKPdUqwPfUDkdWidfDSlb8M0uyrfEIJAQbndmnQ86axDbCPAefWoLjDM3mfxNWHArRa+iruWX2zCae0lZz09EbYbLEzqoYeTCRU9q0PerrtDwZkyEBiFtqpMaDKu/0oC7bCHKRqAJ1OsrmHPTePSlhNTjaIcnK4OmQ/BFKl8cdB7n9a7XUL/wCj8GAN2oi9MBp0V5zbPbUUiS22o9a964Lw4XcDYS6qkfCtkq4JjuiJU157/h12bF1xiHylLZPdInvR3Z6HWR/LPMV7QqAoAenWKhyzqkhlDI8n492PwNtiTj1s5pbKVVgP5VBmPWnYPF8MwGVQ1zEXmHfcJDLOwhiMgP3RJiJ5Vddq+zlq42YMhIB+d4I8AQZrzbH8O+CViMrHusVHqD4g/kapBZLsF0erWsdYxKM1jMHTVlYFXj7w6jyqsdxuZk+OvmTWTt8WfC3Eugp3WUuFYMWWYcacon1rQ8Sv/DvOqmUMMm3yuMyx6GPSi44ypCQk5K2FWL6HQZ1P3lYz7c6T4TNJLI4OvfmZGx1BE+tB2sVPKKn+OetALSaBcX2esu2aHQnfIyhfOIIp3/oqIjKt+4AwhgQpnz0p73T1NQlydyapGTXpGaT8M1xXhTGAr5oJjN3YkyYiedBYew9t1/6hDEEZlJDKGGVl6gw0esiRBrRstW3BLaqHuOiHu5UZlDMGUhjlG8AEknQDSnclWyak+in7K4lcJd+LctlUbKA+USmYN3hPeZSDuOgr1fBcUt3VkMrDqCJFeV8VxK3XQFWjIqjMMqQqzn1Go+kRrFQXccRcHwlVGPdVlkLoIOUfrPtFJPijPfoYfqJQ12j0XtVxBcNaz2wGuOcttY+194xyEgeJIHOsi/bjEC3kuqocOqu2ggZoZfONDE86j7PY58Tikt3W+IEDw3ylSmVlZYOveQGSI0HjUfGuBIl53a4zkh2hssSQ2pga6t4VOHHFPF7Y3JyNrLpA9vtBbzMLVlEZQxUqdSNdB3dZAJ9KucTxEYhVzALKmSOUj61nMPg7aK7ZADlyg8+/3dJ23NEW0KISRAKFhJ0bcAjwmR6DrWnHdsxOaqo9MPbhiKuYuSDtodY8Zqrv4vI7KUVshI+YlT7HarJMQ7WEbKAqZ2fwBbQif5D9Kzl58xJ5nfz51WN+sm0n4WVjFZn+RNdILkLqI+0aZisVlYhVgAkDVjttAmKr7ba7xUuLPfb+Y/jVosFbI3vN95vc1CznqfeuZSalGHOXMQdzyo2aItIhzUmNE4ixlCnkd/5uYjfTShCKDZaLtE3xSsEdPwM01b5B00Pmf1rmWcg5H9T+dK9bhiBQ/JKTV0dRxNWvBeILZurcImNRz10I0EdKoyYpy3KHlMXG3Z6Dc7dOw0CAeKMf99VHFMZmdnuEh2VSoW2uU6ADXPI0A671nHuyvlVjxlzmTT7Cf+K6THLzPpSx44QfxVCTUp/udnRiT4ewpUAr+Ncqtoj9EyKmiCw0oZd6IW2cykjuyJ8pE15iZ77S9PeOxvDBYwyAjvv336y2oB/lWF9KvrizUdk6CphWdu3ZStFLxDDjXSshxPCrJRklDvuSv+aPx/tW+xKTVJxTDMwA5bDUCnhMSUTzPtWrIvw3I7sFZgEqwiRA1BgGjMDxD4lmySe8iBD/AEEgVYdq+Fl7TkSwtgQM5aQJnLrE6jTfXzrJcKJW36mPc1Ryt2JGNRo1mHu0aj1m8NiSYjf961aWMUp6iP2aURloWHqPrUZGvSahtOzmFBY9AJ/CrfCcGdoz9wdN2P5Cjkl2TcW+ijbepbxW6qWkYuyBWdFlVOY5rmdzAUAQpGpJHhUnao/wwVLawcmd2OpKggET6jQRv4UFhe1DEZ8joblzNmUKFdJOdQ+UNIMCJI1Ox3OTdNE3Crsm4vj3uOBeTMVAVQoY5F3IJKiTsCSdvWY0AbvSdJjTQaQNTudeWmlT45LpyO7wrkBWzSGkA8wOWsmOfSo1UA5R3jtJ5x5GKtGktGSUnlstuxmFVLxIGuRtTudVqfFWjeuOoIBiBJgb6/QH2oPh19rbZwACszpyjUVU3+0BxBlUNsqVbQidfGBzA+tIk3K0Nl/jp+PZb4C2iWr5uoHVXCvpOgDExHioqsbi9q4iBwFK6wFJWEYlLQXbKQzf6VmrPAY13Uo+ofMpMDVoBQkjx0/qNY7E2cjMvQn25H2qkVt2JFpxVBmM4m90sWIEgAhZC6Gdp8aCNct7H9864TVroFbOqdasOI4jO5hVXKIORT9kmWbx6mq4PBn86LxWOuBiMxAhk0gd0nVfpXZBrZBZ5kawf1qzwjzbC7TOvWYX9/y1VYW9kIIPMVZ4QF2BmI1EnSJ108JPtRyGGY21nMKD3icugk5TB0HPSgFsEo7D5Vy8j3sxiB5TVph8blLsCc6LHLdmGbl4H6UFc4mM5IjKFhBlHzDLlMbfMoOtda9Hjl4QWLRaGGy7/lT8XAEg603E4tQoynV5Z9Ig6So165veq1rk1zmkqGjxylK30PZ6dlPhUBetJwKwhEsFYGdI1GWTP0pMh5QxRWPbItB9ILFOcyADtHjRGNvq7Jl0hEBOZdSFAnw16k+lc4npbg7fFcj1VeXpPrVVbJ5Cg5MCiqsLuXASTpr4ilQjWX+6aVDKQcY/coLLwauPiHKJ2qiU0YmKMZayQnR6HJCz3/sxxIXsNbcHXKFb+ZdD+vrV0DpXi/YntF/DOEuH/pORJ+42wby5H06V7DZvgqCCCDrUJqmNB2h1w6UDi7Mg0cWqPEDQnkPECKRMejO4rClkNvQBh3THysPl+uh86wOItIhy5MplpHiCZXwgyK9B4i6OVCOrP9kBhPp1pr8FtM/xXQM5gld0DQAzRzJgeFVyoko2YLA8Hu3tbaQDpmbRPHXn6TWt4Z2XRILsbjdNkHpufU+laRLU8qITD0sps5QBsNhQAAqgDoBA9hR9uyBvUbXAtDPijS7YW1EwH+J2IK4mD8r2VX0lZj+pR/eouy2Nc4M4dMma5dChWUuwVllmWCAolQNtzNXvbHhX8VbWDD29j1UmSv4+9V/Z+6cIe7EKsSftE7mJ/fjV4q4/wZeWaX9l32gZXW0iPnyP3gOUKRyjy0pnZ7h+bEKWUhVncEAkc9TQFziRcnMqsSSQWnrtAMDyqOzjGzygVCNmAj/iqqLxpGJzjmm0XXaHDqt9wo0Kgn13rGFQl0qVMHUEaacgdPMVbcU449uJfO5IJnaByPSdveqnieIZzlzHb4lphpmXcqQOYAYR1Q00Lgtg5IqbbXodaDToIOaegEAEanyqDj+FUur5lAca67EdY8CPahbNzMobqf8Amp8Wua03+Ugiq+2ZYNxeIGtpF2uq3gqv/uUUy+qnUAx5f3oW1vRt1O5P73pistSQCSo5H3/tUrnnE6nmP0mhWFE3BK6SDJ5yP9IGnvQsrRCrbiN/Op/jLkjUkzPgSInx0mhAYMUmtN90/h9TXWOlsnOJbXqTqev5amg3NSPtBZY85/8AGaiOX7x9F/MkVzkWiqE8gL6/WKjJpO07Tp13ppBpGy0VSOZqITFZQwB0bf6/qaEYVwChbDSfYVcxBKBZ0Bn1iPwqTAvrQiqY60628EVye7A4Jqi9zmlVV/HHpSqv1EQ+j+DPpg3MaDvTEsoBy76k8qf/AAhGpdB4ZwT7Ci8Ng1dCVAlCcxJaCD8sgQFiCOczXcHhc10I2QA6yrIeUjckV56R6TY1mGSM0kGNBptPMitP2e7ZPhiiOGe1pOveTxXqPD/is7i0dNFLQp0YLliDocw03kjyqz7Pqji493MWDFs+QPJK6ycpM6zr1ot3piKls9lt8VtGz8cODbCZ8w10/XlXlXFu01ziFwWkDBGbKiAwCJgE66nzqFMbltYjCIGVXTMq7wVc5ol2iREifszzJK/w5tIcauhlEuMJOxGVZjyY1NLHYzeWj0Hs12dXDKCYa7lCluSDmi6aDqedaC2goR8RHtQzYk9aV23bCqWi6+Mi0NiMfOgqszk86aXAoqIrkTO5O9CYzHKg8eQoXHcSCiBvVBfxBJzNqeQqsYmec66C8ZxF2BkxOyjz5mq9HqFZYkncj8xVo64fTR5hZIgbQDox6Dpzq6VGGcm2cwuDZ4A0kEjxynWiMNbygg7zUqcVRMmVBCTuepJMQPGj8filL5kAysoIEDSZneetBt3RyjGr9MNxFC11yTqWMDnHL8qO4Nad2FsqdCWRiICtoCsnk2nrHImh+N49xdZcxgREGIlVn5Y6VVnEMTM69efvvVqtC0y3v2TbYoVKhu8qkQV3DL6H960XgiCcp2Iip7uNXFWAzsBftc23YaTr4xQOHeCD5UI21TIc6SdoCxCZXiirom1MVLj8NmhvEUYuGBswOcD1NWRCfKqi/wAmaKaTTfiMRy9gfxqwFg5XB1ZWCmNfmnWR0y1XJakEwSAJOoGkx+dTZtg7siuXG+8fTT6CoihIJo+9bHdIygETrJJ8tNasrVgjCv8A5gzD5RIBQbAkxoem1Ao5VRm9K78ZelNbaoDS2WSsLtYwL9kU+9cmCTBP2QDI8ZMeO07eVAGjLeFd2IRGbc6DQAbknYDxNG3Qyik7REneYKBJPU6eM7QB+VT/AA0jQsOjFRk8NPmC/wCafSoba5W7wnKdRO8biRyMRI60VjMujKZV+RIBGsEEbyNRp+lCh78A0JO5O439agLVIjazPMfgagY0smUijuelTNaVJY4bwB1yXYSWABJBAga/LM6+elNwWMZr6KWgDN9sMBImZUBZp3Z9LmW6bejQu65tBOg8aZgcIyXVe8VEySMwmIP2V8qlT0O2tgvFFaWMLGbfLqd4OY6mfDSrTsuqZHLKzNJy5WUH5ZICzmB8QD9KrMaiM7FczSxjumfUkz9Kv+ylsBnALoxC/cIIhjrmBy7HUda6tglJY0N4iLiP8X+GVcgBLM91sokkCHKkmD0ggipeD9oEXEJdZLSKWIZkRVLBhlJIyk6TJ7wkiag7V2ljN8YvDQFzFonm0k66b6VmrL5WDFQ0cjsfA1zQIu1Z7m+IDDMCCCJBBkEciD0ocYgV5bgO0F633UPdC/IdV0HIH5fIV6L2asNisOl8FQzFgV1EFSRvr4H1pWq7O2+gw3idqExd4gR9at7HCXB7wEeY1p7cHUnM5noo29Tz+lDJIVxk0Ze3hGfvHb8ahxFitZi7MDbSqHGJVYyszzjRTslJFqa6KjWrIyySHcqLw96co6CKEXapMKpzDSiyfpS8fEXj4hfwquBqz7Sf97+lfzqqmni9FktBODALKGJAJEkcq1PGcEqtbNti6QJJrNcJg3VB6/lpV/hr1xroQ95QSI00HKu9sly9NVvwtLaq2Rcuw18amuYQIoH2Swj6U2RZMnppTMNxRnPwwgJJkT1GoAHpNNkltdHmfRm9NbIcJgArTvnZmPLcOQPTWisJwxBfYkbhRBiIUKMsc9hVXhuJXmuC0xYZdvhqBm0IBLHUDvT40Bdx134zq1xyJcQGjYHU5YBiAduVBtNmlcPLW5bLe5gLYW0xGyHVjybP19I8hU/EVspYAV1jK4bUGCxEDSQNtt6ynE8LlW23eggySG1MnckDX9KP41ZlLZCu0WkJYJCINe7nMz7/AKV17VFlw3tybMu9RZamIppoYmxMiirbitkBLbdUSdyDInynTbQ7aVVE1acX+Sycv/xrrI133G/7HoNIf1FbZcgyDEbSBA6aHSJiurbMgR5efLWokuFWBABjkRIPUEVK98QciBZ0ksWIHMKW2B9/GlbKIGW5B6jSomuU8j9/3pgQmpsqqG5qVd+F40qXY1xNP2W4MzpdOUAALqW8DOgqG7w/4NxAQATIYBVCgAHoZJ8aVKqUqJOTsrsfbhmJGsiBmbn5frVz2TyOt0MqAKQc2WWEgjSQdss1ylSsL6I+JcTtZynwjdCQsM2VPCEUAaE7kUCezN4q11gltAdZbMROoACg6ailSpRuloBuYa2g0u52g6KjAf6mj8K3n+EnEP8Au4c//Yv0Vh4fY+tKlSzWhovZ6WYqJxpSpVmKsrsSvKqDG2uprtKtEDHylU1sGecelRGIOgmlSq6MbOK5jp5afhURxq29wSRJgempJ9OtKlTIRdlFxLF/FbPEaARM0IKVKmLj7TlSGGhBkelXBxzMRdXusIn0rtKiT5PA7GY+/cAXujuz50Dw/HGRlJDKcyn8/Mb0qVcuidWm2aq9bR1TGBsmaUdQG0bQvGUjSYYfzEVm79oDEXR8o70RPJTHPn4zSpUvF/0fk/0gPiFzMtvUtow120PIchy5bUVxtrRCEXCWW2oK5WPe2Msx0ERtNKlVWGJnmNRsaVKgyyIyaJxWNLKqy0KoET3dOYFKlU2OgMP6U17um1KlSMolscLRy5uVcW3pNdpUKBk9/wAj8tdpUqY4/9k=', 4),
(4, 'AI', 'Building LLM applications for production', 'https://huyenchip.com/2023/04/11/llm-engineering.html', 'data:image/jpeg;base64,/9j/4AAQSkZJRgABAQAAAQABAAD/2wCEAAkGBxISEhUSEBAVFhUVFhIVFhUVFxYXFRUWFxUWFxUVFRUYHSggGBolGxcVITEiJikrLi4uFx80OTQtOCgtLisBCgoKDg0OGxAQGy0lICUrLS0tLS0tLS0tLS0tLS0tLS0tLS0tLS0tLS0tLS0tLS0tLS0tLS0tLS0tLS0tLS0tLf/AABEIALcBEwMBIgACEQEDEQH/xAAbAAADAQEBAQEAAAAAAAAAAAAAAQIDBAUHBv/EAEYQAAEDAQQGBgcGAwcEAwAAAAEAAhEDEiExQSJRYXGBkQShscHR8AUTMkJSYuEjcpKistIHgsIUJDNDU5PxBhVUdGNzo//EABoBAAMBAQEBAAAAAAAAAAAAAAABAgMEBQb/xAAyEQACAQIDBwMEAQMFAAAAAAAAAREC8CExQVFhcYGRobEDEtEiweHxUjJCghMzkrLC/9oADAMBAAIRAxEAPwD54WkkAAkwLhecF0Uxastc4hpe7WYkN91Z0Hlr2kEggiCMUmH2fvH+lejTF8jt9Se2D1mKtqjhn8zkY1jvSq48B2BJuBHm5D9fmQo0NNb3fAMN9+ojmCFdTG1zGr6J9FqBpJLGu0XCHXiYkHfcpbhwd3K6crwy+TKpv35aLnM81z2kjDi3sctJ0fPxhYzdy71eQHn2pVUvDkKunFcSDnv8UNN7txS17x3rStVLnEuMmw0YAe6NSFfcmrZehm1hcWhoJJwAxN5SpiHgHJw7VVB5DmkEggi8XH2lNM6QJ1yqUYO8kRXP1LSOc48rxF7g3nsCzVzojeewIo0y5waCASYkmBxKaxaSJbSTbyxIaJ3Z7knOk+bgrj2h2YY5LNUsiHmBvSJVMEmMszqCt7WyS0mxN0xbOyBdKtIxqamL/b02kNbONwHmBtUvfOwDAavqh753ZDUlKpMwqTZIhbtGbr9Q1+A87Vla2DrSLpxVnO0djOkWQ8GnTeXsdTNtkimP/j1PGvJc4W3Rmsa5prWrMiWMj1hHG5nFYpyYU00qpulZxL0enaO+rktphbUBpA5Ml/4BIHMALALdtzSfigDaJkkcQ3mkOpSo2maSbQTcBJ1LoFJga+282wNBrAHgmbxUPuXapQKqqLk5k0IQMEIQgAQhCABCEIA0JWjT7P3j/SsyDjBgzByO5MG4bD4eC86nM+rqV8mQCqOe4Hz1qFXgO5JAxArWnhwd3IZZsukG1o2TNwxmRmkw3cHdiunC95nU88MvifvHFbIbzbrP/KHHmUyb90x3JNaTAAkm67HcELYDerv8EuOSupcQciBx0RKtjy0PbESACCBIhw14ZrOk/wB04HqKpRgZOpuXou6hOeJIF41SO1KljwPYUyIu1HsUtuv2EDiI701mKrJ71AH2RvPYEUzidQPgOshDrgBvPOI7EtnPYFSzIeXGekkjA+c1IEmAmT9FeHf+0KkiKnAzERlmfiOxMUpaXFwEQGtvl0m+xrhYkrTacchkBrPh5NpmFai+vXJvTTSB9BzSARFpoeNrDg7ck6rDDTAYQXB5dGnIuhjsmKXO1Z4nWVCqVoZOhtL38dmPW+yIWlOYJY06IkuAkgTEz7gvSbT18hjxODfNyv10AwbjcWsJDCJ9/OorRzV7Fj4u8yKVMnDiTcBvK6KLmtnRD5BEvuY0nMZk+YWdFpeRacA2YtOuptnzks3G/GY5cE8sSKvqml3zvpns1wGF51nDgPFIuJxKzaFs2zrO8C5ITKtkCBdIv1nZOqIuWa0sA++3jIjhF/CVo2q0Nc1rWOtCLVRt7L8aRB0DvtIM6nH9Kl3tMELfo3R7ZALgxpIBfUuYPHgsnC/GdutA/cpau8CUIQgYIQhAAhCEAbmqYDXElomB8M4keb1nhtB61RAI2dY2HZtU5EcfPArzcT6ilJZYbV55zi/vmSVXgoJTQUUDceHenT7n9ikYHh3p0+536SqpzV6kVZO9CDieKqmb27x2hIjHitqtCy4C0HeyZbMXwc00nneYq2v6XqnfdGId7RN+/PSGKqu6ahIaGi1g0QBF1wU2cfOYUvGlx71SbiN6+5n7cZ3P/wA/A6mJ+8VFrPkEVM95Wcpt4hGBU55+b0iUpQDCZL2lC7eer6qXFIFDSrzwM2tShdv7NpSjM4dZUglG9UmZtGxrOc0MmGNJcBqJxvxJKm2Bh9eJ8FDnedSANf0G9XLMHQkt3nbzC87uQCctGGkfy8sTx5Ic8Z39TBwH0V1qjnBofADRZaABMSSBAxxzVIxqT2YXz8YY4mdok3yTgAOwAdgTFTdyCdLpJpuDqWi4YOuL+u4clAGsgb57gqM2nOWF3n0NQ4Zjke4qmtGThxu+nWlVY0NaRUDi63aaARYgiJJxnuWYKRGDWF9beawOltF2q7XdH4sFYLW/MfycsX9XFc4KpBDRo95N5M92wDIbFCUoQIaEkIAE0kIAaEkIA1DpvGOYyd51JEjEYdn0WcjartZzBz1Feand3zPpoi7/ABwygoVEj5etIecUQUmMLWiOx36Spa1dHRuiufNkeyC47gnTgFUQ5vQxsq3C8fy9gXoO9DVRMtGjbm8e4AXdqp/oiqJlo0bU3j3Whx6nBWhe+h6o8qziocL17FT0LVEy0aNqbx7rbR6llU9EVRMtF0zeMmh56nBVgS66NqPIeFk4L16voiqJlouJBvGIbb7FxdK6I6n7QxJGM4Na7se1Bn/qUNpJqTjVmk6zbjRmxOUxMclBGtJz58Mk1GonOEXdpiJTySQmiWEov1JR5kIjzIVpO/0QxzG/sSJTjzITjd+JquHcmTi4BuvAdZ3JaOo8x4JEHHHiD2KU5Zm6UzQOb8PMk9kItfKzm/8AeswNhV2fld54K1JjVQrf5NqdWJupXgi8PMbQb4Khrfnbyf8AsUhvyP8APBDaZ/06nn+RXic9SVOvdfc6K7WCzYfalgLtEtsvk6F+N0GdqdFhcQ1okmbtwJPUCs20z/pVOR/Yt2AjEFgzJ9t2xuE+ZUmXuwiZfL7fBkhVWc0uJYCGzcCZIGonNTKRZSSUpygQIRKcpAJCcoQBEeZCSI2FIrzYPpZN63R3NMOibjiDiJSaFk0LVipxOCvogomFL7R92dr+ilrWutsNrIElwunSEXL0KrabHRSLjLYfJsQ6SHM+YRF+cm65HS3TQpC1MRdaaY0fhF44rGo3Td953aVSUsXpzWvq3+YXQ6hWccS6+Z+1xnHmtfWE42r5n7XGQAeoAcFhSprsZ0db0+nJuvTV/syfVdfJdfM/a4yIM8Fz1ax+bP8AzdYg9QA4LsqdGXDXpK36cE1emr/ZjV6Qfm/3dkdly5w+m57RWLgybyHWy0QASG5m5o4BOq1cVULN0nPV6a4cL/G1MXSKAFohzQAWgNJ+0cHTe1saURfvC4161V8U64t2dOjo+sAtwH4UompGuRZ4ryHKWYelVVV7k9Go/wCNL8t59YhJ2didg6hz+qzSTV3BTRtWpFhAc0SWh2M3HDArO1sHX4qYTV4TgsOv2IxjF49PuVPyjr8UT8o/P4qJGpUCN21Uo3XyJfO+YxrFxGI7xPWpdGI/4OpIyL8CFbiBBBmRpNvu2T1qlvu/zknENbDOUKrI+IdfgiwPib+bwQS+D6EpBatpA++zCfev2YLKVUQpMasSwtApp0zndOGs7gtm0h835fFMxqYgUwVYpD5vy+KoUh8/5PFIzdSM0LV9EzogxtiUCg7V1hOHMLHgL3LaZpqZTUgUhShMCd8JSps7uYS3LzT6GTRpWzFg0rZhTRSZ7/Sz9hSvOV1ph93UBI4qHjSJGDiXDcSevEcFgW/YMeS8/aPZe5ppgNY0gNZNoG/GIiIWjXXM+6f1vWtAvRajm/J6XRGL93/0R6KY5z69ZodTotJIIBDnEGBBxuk74X4PotWF9J9I1x0LolDo2FSp9tVGYnBp4wP5F1ZpULOrDlr2w5nQ6p+nb417Hn/9b+imMe2rSaBTrND2gCACQLQgYZHiV+E6a2AeK+l9Hr/23odagL6tH7amMy2+00fmH8zV8x6dVkHcVdDhex50uOWnaBTH07PGh+i/i10OnS6RQFKmxgPR2khjQ0E233kAYr58WSYGevBfRv4zH+80P/WZ+t6+dUjpjj2Fcfpf7dJyJ/QavrA0a8PMF9HRt0xbj1l5YRadHym6b147l6dIn+z1omLdCY9VH+ZE2tPdYuxtZLy3HamzH08Kq1vX/SgUokK6YmZeBDSRcbyMGYZrO2U4hfr5HM4FSNZ5DxS0dZ5DxRadrRadrKq8vyJyv3+C6didIvi/ACcLsTrWK0qvc6LV8ANGFwGAU2DqVNaJdsbWhKwzff8AQw7Xz2J3fEev9qmwdSLhjeezmqTazIftLu+I9f7U5HxnmfBRbGr9P7UWxq/R+xX7t/kzdO7wXaHxnmf2q2Wc6pGOZ5YLIgHC46jgVIZtHMJqppzn1Ma6UyzUJ2a9Z3nNIIFPa3mFdSnZi8GRNxmN6UN4k4EhUCoCsFSxMoJhIJpEFApqZQgUFIUoQEGVpIlXaPx9qm183avPjf4+T3FVePwb1DTnQL4u9qJwvw2oa5c9rb2rRrlTqlzF7gp+lRPU9oD+6tNk/wCPUE2WQfs2XWwbZOwiNV6Huiy04tEHODacYniFzx/dmusC+vUFr1YBMU6Zj18y77sXXmVFd+m77zu0q6WT6Ncp8avJ+3/hz6N/tPS2l/8AhUR66oThDTog73RwBXr9P/iI59V5b0Tor2yQx1SmXPLATZtG1jHavn3QfTFakypTpVXMbVFmoGxptgiHGJiHO5lZCurhOr3VcjXNyz6R6M/iIW1WF3ReisYXAPdTplrwwkWiDayx4L8//Eb0Z/Zel1GtH2dQetpnKy+ZA3OtDdC/KurLT0j6YrV2sZWque2k2zTDoNlsAQDjGiMdStJU1+6nmKUnKP2n8ZH/AN56P/6zP11F88p1AHAkwL79UiF0elfS1bpDg6vVdUc1tkF0XNkmLhtK8yo5RT9NKpMaE1QqWd3R+iBzaheHSwHB1MAXE3yb8MpXluK9mgJFfQnRN/q7VnQOc6C8KUmZel6jqrql7OUqS0YKJQFScGjLtebvBUJ1Hq8FnO5KNoVqqq4JaRtaOp3V4Jyfhd1ftXOqEbVSrdx8EuhbL6nTRdfpMeRBwjGLvdWDaTj7pSq2LrNvDStR7Xyxks066tHpw1jWLxIpWqwnj8mj2kEgiCMVJS3laCxZdpPtaNkQIN+lJnUiE247v9cBN4Y+L/RmqCiVQQZ1FBMIaw6jyVtpu+E8imZNpAFQKXqnfCeRVsovJADHybhcUsSXUlqTKqUnNIJBEEGCNqSBGiFEpgoFBaFKEAZSdfWlK1bTcW2gzRmxMTpRMclmZzEcFxOlrb3+8HrKtPLyhIDkhfgFYuwvd1DdrKSQ/dB2CsPUhujaFVxOgRUsljQJqTBFoHRiRjK6emUgHy14eHC0Yhthxc6WaXtQIMi4zsXjyujoddrXS9toaN12VSm4462h4/mTRm06FNLbxbjDVzuhLj1OxrNh/GzwVWdh/wBxnghnT6AxoD/Kyb7rnF3MFo4Kv+40P/HHu5Nyq2jzboq5J/1K/wCLv/Iks2H/AHGeChzNh/3GeC1/7jQj/AHu5NyeXHm2BwWbvSFD/wAcYzg3D11qPwaKcifqV/xd/wCRi6nsP42eCml0YOe1rnWGkw55IfZGuy288Fsen0P9ATrss/1J/TcuTp3SKbhoU7Ok84DAucQLtQIHBEk+/wBSrCGtJww6trhKanNHVbYPXBxZN9mWzOifYNsRlrXkyrF42js1edqLGw9ScTkOilUNy9nZR3IlOdyZYoVYo0mSp3cvomR5y5qYOpIAqsXmvImyxPxdY8UaWsfjHipncmHfd5Kk976kMrS+Ifjb4otO+Mfjb4qbexnJFrYzkqw2vqQ52LobNa8hzrYhsE6Ym/UAsvWu1lKdjOQV06tkgxTMZEXKpWGL369jNyplITazhg480OfJk3k5qSNoTs7RzSbqiJFCQpVBMM2jmqDNo5qRSSFTSmGfMOar1fzN5oIkmdaqVRp3TabjETes0NNZizKTUqlMiY0JJIETBiLQjGLQidcTipsHZ+JviptnWlaK4/o39j1Zq3XzNC6LhxPnAediDdvz2bN6kGN+WzbvWYTbvZfbwle++/mx3hTNypuHFveoy49yP7VwYTibVAQSCCDAuN2QUF1w49yo1C4kuJJjEmTkk4NsNh2lLpbBuF0GcCtHDlrLF48fzkQqmoT7cJ6byC5K0pJTKmSpBMeetQqy5d6qnMTYAp2vMBSdakoUoE5NWu8x2xkm5s7+367c1kFo103Hz9FqmmoZDzlEJDYtXCd/bx17c1kk6YY1VI5Bx5+IQWxu1hKVTXRs7DvVLeS5GGE+yJ2DHkoW9CbQLXCm4SQSYZhkb461zKnTFKfH7c9dSVVjF68ug1SQVgjWUkiWwG7tTta2jrV06bnewXE3kjOBidoToVGz9qHubfgdMGLoJ2wrSytGdT5x1EHbG/n8Uwf/AK//ANFiFQU+7chOnezrrkOIIFNkMaIYHwSBe86OJSq0mhrSKgcTaloBlsG6Zxlc4KaHV7nLJpp9qSTwV8QVqFSkZQKEkIEWklKEhHPCpRKJXJJ6Q5Qnhv7PqoRld4+OOSk1ZgdhB4CZUgxu7QinULSHDEEEZ4J1KhdaJxOlddeTfdxVpp070S5ncUxzW2pBMtIbBiCcCfBYLR+X3fFZzmm32EtowkSg6ufgkUbr4BqJW72eI7HrMlamro2bIvINr37pEbldMYzsf6FU9hLc9xQlTz3FSCjQNSpzTIzH/H0U4E8kYG4p8Qk1a6bj586kn7ccjrHnNKu8F0taGjUCSBxKcyIz84eC0nTP731J3kYonI/UKQ1W12R+oUp7RseG0dX0KulRtkNZe44NMTwOBWd43HkdiplO0dAEn4Ref5dfarWcRy15P98GRVlnz053zRJQkUJCZbHEXgkHWDG9W2k6zbjRD7E3e3ExyWbRrVF87shkE+JLnQQTCEwkIaaQVBAmMJqU0iQVJIQIpCSESBzK8N/Z9UG7f2fVZyuX+nj4/Pjjl3TI0JFCUDkExg7d3hSFTfe3f1BVT8+CX8F1HNJFkEaEGY9oAyRGSyOHNNncewpOwHFVU5TfjkJKIRb8Xce1ZntVvxdx/WpOW7vKprG9sCWV7BIfluQE35bklkDzKZ/SVmcJ3+etbUmE4R/hvN5AzOtS8tsNibUumYsZRGeS0dD9k7uuSw4T0JTxvf8AAn4u3ntSrYlN+L95/WnVz3jsKdWt6sFfYgIQPFH070ovoUX7W/t+qbntLfZ05vdNxZGEa5zWIWvtfe/V9e3fjdNU8+/588c4au9CWujwyK0YSDaYSCL7jpDaCMQsoTBSTgGgJQFo97S3DSm85ERq1yswm1Gt/IkNUBrR9FKMiTUEajz+iYI1Hn9FmE0Cg1tN+Hr+ipr2z7HCSsgmEEtF1HAkkCBNwxjZKlCEm5cgUkkhIRSEkIAxcIuzx8Ehdfy8U0Lm14HYsYJGtJCEAMKh727+sIQnTl18MT+CWdx7CpfgOPchCf8Aa7/iJ53vLfi/j+oKT7vn3ykhaf3X/Im+wmnvTflu8UIUr+krUH5bu8qThzQhD+y8AjosSKxkCycL835clLqsWmho0iLyLxGo5JoXVUoUrY/NS8GVGLad4IzGW496lp1oQsZhK9EaA4RcgX3IQnEVQGkmg0vvX8Yxnb2qYzQhVmQIKgkhJMGNCEJCNRdv25LSlWskENZiDexpFxm+5CEV1uh4GbSaxQqjrRLjEkk3XC8zcFCEJ54jWwoIQhIQIQhAgQhCAP/Z', 4),
(5, 'AI', 'Real-time machine learning: challenges and solutions', 'https://huyenchip.com/2022/01/02/real-time-machine-learning-challenges-and-solutions.html', 'https://encrypted-tbn0.gstatic.com/images?q=tbn:ANd9GcSjBBav2hIGwYUa5X46yP95Nb5bmVoeeb_wBw&usqp=CAU', 4),
(6, 'DeepLearning', 'Mạng nơ-ron Tuyến tính', 'https://d2l.aivivn.com/chapter_linear-networks/index_vn.html', 'https://encrypted-tbn0.gstatic.com/images?q=tbn:ANd9GcRe4jO0Nq2-8XZNBh_kCyEThugNZgZdCTlXRA&usqp=CAU', 4),
(7, 'Deeplearning', 'Perceptron Đa tầng', 'https://d2l.aivivn.com/chapter_multilayer-perceptrons/index_vn.html', 'https://encrypted-tbn0.gstatic.com/images?q=tbn:ANd9GcRe4jO0Nq2-8XZNBh_kCyEThugNZgZdCTlXRA&usqp=CAU', 4);

-- --------------------------------------------------------

--
-- Table structure for table `category`
--

CREATE TABLE `category` (
  `categoryID` int(11) NOT NULL,
  `parentCategoryID` int(11) DEFAULT NULL,
  `categoryName` varchar(255) NOT NULL,
  `isSubCategory` tinyint(1) DEFAULT NULL
) ENGINE=InnoDB DEFAULT CHARSET=utf8mb4 COLLATE=utf8mb4_vietnamese_ci;

--
-- Dumping data for table `category`
--

INSERT INTO `category` (`categoryID`, `parentCategoryID`, `categoryName`, `isSubCategory`) VALUES
(1, 1, 'Mạng thế hệ sau', 0),
(2, 2, 'Học sâu cho thị giác máy tính\r\n', 1),
(3, 3, 'Kiến thức Chuyển đổi số hỗ trợ Đề án 06', 1),
(4, 4, 'Web dev fullstack 21 hours', 1),
(5, 5, 'Quản lý source code bằng Git', 1),
(6, 6, 'Thiết kế mạng IP', 0),
(7, 7, 'Kỹ năng giao tiếp hiệu quả', 0),
(8, 8, 'Điện toán đám mây với Amazon Web Services', 0),
(9, 9, 'Thuật toán ứng dụng', 0),
(10, 10, 'HTML+CSS+JS Basic', 0),
(11, 11, 'NodeJS: từ cơ bản đến nâng cao', 0);

-- --------------------------------------------------------

--
-- Table structure for table `course`
--

CREATE TABLE `course` (
  `courseID` int(11) NOT NULL,
  `courseName` varchar(256) NOT NULL,
  `courseDescription` varchar(256) NOT NULL,
  `courseImg` text NOT NULL,
  `courseCost` int(11) DEFAULT NULL,
  `courseRating` int(1) DEFAULT NULL,
  `createdAt` datetime NOT NULL DEFAULT current_timestamp() ON UPDATE current_timestamp(),
  `courseTotalStudent` int(11) DEFAULT NULL,
  `lastUpdate` timestamp NOT NULL DEFAULT current_timestamp(),
  `categoryID` int(11) DEFAULT NULL,
  `userID` int(11) DEFAULT NULL
) ENGINE=InnoDB DEFAULT CHARSET=utf8mb4 COLLATE=utf8mb4_vietnamese_ci;

--
-- Dumping data for table `course`
--

INSERT INTO `course` (`courseID`, `courseName`, `courseDescription`, `courseImg`, `courseCost`, `courseRating`, `createdAt`, `courseTotalStudent`, `lastUpdate`, `categoryID`, `userID`) VALUES
(1, 'Mạng thế hệ sau', 'Môn học này nhằm cung cấp cho sinh viên cái nhìn tổng quan về mạng thế hệ sau, và các công nghệ và ứng dụng của nó.', 'https://daotao.ai/media/filer_public_thumbnails/filer_public/eb/bc/ebbcc21e-1fab-4e9b-a990-cbccf3e1c868/asset-v1_soictit49222021-1typeassetblockbanner-14.jpg__800x479_q85_crop-smart_subsampling-2_upscale.jpg', 200000, 5, '2023-06-15 10:23:30', 2000, '2023-05-06 04:11:48', 1, 4),
(2, 'Học sâu cho thị giác máy tính', 'Khoá học này có mục tiêu giúp người học nắm được những kiến thức cơ bản về học máy, học sâu, và ứng dụng của học sâu trong thị giác máy tính', 'https://daotao.ai/media/filer_public_thumbnails/filer_public/dd/95/dd95488f-b69e-4255-9d6f-9e9150e5cedc/banner.jpg__800x479_q85_crop-smart_subsampling-2_upscale.jpg', 500000, 5, '2023-06-15 10:23:43', 69, '2023-05-06 04:29:27', 2, 4),
(3, 'Kiến thức Chuyển đổi số hỗ trợ Đề án 06', 'Nội dung khóa học được thiết kế hướng đến các đối tượng người học là người dân sử dụng dịch vụ công, và cán bộ nghiệp vụ cung cấp dịch vụ công cho người dân.', 'https://daotao.ai/media/filer_public_thumbnails/filer_public/61/cb/61cb00ec-d77a-445b-b8b8-fa89890b1d18/de_an_06.jpg__800x479_q85_crop_subsampling-2_upscale.jpg', 0, 5, '2023-06-14 15:27:32', 69, '2023-05-05 21:29:27', 3, 3),
(4, 'Web dev fullstack 21 hours', 'Với kinh nghiệm 5 năm lĩnh vực đào tạo Fresher, MISA tự tin là đơn vị đào tạo lập trình web đi đầu tại khu vực phía bắc. MISA thường xuyên mở các lớp đào tạo Web và trao cơ hội việc làm cho sinh viên.', 'https://daotao.ai/media/filer_public_thumbnails/filer_public/40/ce/40ce9a71-3d4f-4f90-9f31-0baa36d9f374/misa_course_banner.png__800x479_crop_subsampling-2_upscale.png', 0, 5, '2023-06-14 15:27:32', 69, '2023-05-05 21:29:27', 4, 3),
(5, 'Quản lý source code bằng Git', 'Git là một công cụ quản trị version rất nổi tiếng hiện nay, thậm chí bây giờ các nhà tuyển dụng còn đưa Git vào giống như một tiêu chuẩn khi tuyển dụng, vì vậy việc nắm bắt công cụ này là điều bắt buộc với các lập trình viên.', 'https://daotao.ai/media/filer_public_thumbnails/filer_public/b9/9c/b99cc9e9-f808-4b6a-9ec6-80e5c948ad5b/git_cover_1.png__800x479_crop_subsampling-2_upscale.png', 0, 5, '2023-06-14 15:27:32', 69, '2023-05-05 21:29:27', 5, 3),
(6, 'Kỹ năng giao tiếp hiệu quả', 'Khóa học cung cấp cho học viên những kiến thức, kỹ thuật cần thiết trong xây dựng, duy trì và phát triển những mối quan hệ trong công việc và trong cuộc sống một cách hiệu quả thông qua giao tiếp', 'https://daotao.ai/media/filer_public_thumbnails/filer_public/8f/f2/8ff24d36-83df-4c6b-b974-189936843b6f/banner.png__800x479_crop-smart_subsampling-2_upscale.png', 0, 5, '2023-05-06 11:29:27', 69, '2023-05-05 21:29:27', 6, 3),
(7, 'Điện toán đám mây với Amazon Web Services', 'Cùng với sự bùng nổ của chuyển đổi số, các giải pháp điện toán đám mây dùng Amazon Web Service (AWS) cũng trở lên HOT hơn bao giờ hết, nhu cầu tuyển dụng các vị trí Dev, DevOps,  TechLeader yêu cầu hiểu biết về AWS đang ngày càng gia tăng với mức lương siê', 'https://daotao.ai/media/filer_public_thumbnails/filer_public/6e/09/6e094e03-faa7-42cc-b4ff-964923aeca22/aws_banner.jpg__800x479_q85_crop-smart_subsampling-2_upscale.jpg', 0, 5, '2023-05-06 11:29:27', 69, '2023-05-05 21:29:27', 7, 3),
(8, 'Thuật toán ứng dụng', 'Khóa học sẽ bao quát các vấn đề cơ bản và nâng cao trong phân tích thiết kế và cài đặt thuật toán, từ đó ứng dụng vào giải các bài tập trực tuyến và các bài toán ứng dụng thực tế.', 'https://daotao.ai/media/filer_public_thumbnails/filer_public/5b/bd/5bbde6c9-f5d6-4e11-832a-611ca165f28a/teal_illustrated_science_fair_poster.jpg__800x479_q85_crop-smart_subsampling-2_upscale.jpg', 0, 5, '2023-05-06 11:29:27', 69, '2023-05-05 21:29:27', 8, 3),
(9, 'HTML+CSS+JS Basic', 'Cung cấp kiến thức cơ bản cốt lõi nhất về HTML, CSS, javaScrip', 'https://daotao.ai/media/filer_public_thumbnails/filer_public/b9/11/b911f43e-9ce1-4573-952e-494be5c35207/asset-v1_edteched1112022typeassetblockuntitled.png__800x479_q85_crop-smart_subsampling-2_upscale.jpg', 0, 5, '2023-05-06 11:29:27', 69, '2023-05-05 21:29:27', 9, 3),
(10, 'NodeJS: từ cơ bản đến nâng cao', 'Khóa học cung cấp kiến thức về NodeJS, bao gồm Javascript, Typescript và framework NestJS. Phần back-end hệ thống cũng được giới thiệu giúp người học tự mình phát triển và vận hành ứng dụng NodeJS', 'https://daotao.ai/media/filer_public_thumbnails/filer_public/e1/ff/e1ffbc0c-071d-425b-a64c-e93a7039cfad/banner_nodejs.png__800x479_crop-smart_subsampling-2_upscale.png', 0, 5, '2023-05-06 11:29:27', 69, '2023-05-05 21:29:27', 10, 3),
(11, 'Thiết kế mạng IP', 'Trang bị các kiến thức chuyên sâu về TCP/IP để xây dựng các hệ thống kết nối mạng IP phức tạp.', 'https://daotao.ai/media/filer_public_thumbnails/filer_public/7e/6d/7e6d2cfb-435c-4827-91f3-b794516b83d7/asset-v1_soictit46512021_1typeassetblockbanner-2.jpg__800x479_q85_crop-smart_subsampling-2_upscale.jpg', 0, 5, '2023-05-06 11:29:27', 69, '2023-05-05 21:29:27', 11, 3);

-- --------------------------------------------------------

--
-- Table structure for table `coursesegment`
--

CREATE TABLE `coursesegment` (
  `segmentID` int(11) NOT NULL,
  `description` varchar(256) DEFAULT NULL,
  `Content` text NOT NULL,
  `courseID` int(11) NOT NULL
) ENGINE=InnoDB DEFAULT CHARSET=utf8mb4 COLLATE=utf8mb4_vietnamese_ci;

--
-- Dumping data for table `coursesegment`
--

INSERT INTO `coursesegment` (`segmentID`, `description`, `Content`, `courseID`) VALUES
(1, 'Kiến thức tổng quan về mạng thế hệ sau.', 'https://www.youtube.com/watch?v=nCJUq2VT-yg&list=PLG92h61c7jzAGTKfn68sQCy5zuqMekElt', 1),
(2, 'Kiến trúc internet và một số vấn đề nâng cao.', 'https://www.youtube.com/watch?v=nCJUq2VT-yg&list=PLG92h61c7jzAGTKfn68sQCy5zuqMekElt', 1),
(3, 'Các công nghệ truyền dẫn thế hệ mới: mạng wifi thế hệ mới, 4G, 5G, mạng thông tin quang.', 'https://www.youtube.com/watch?v=nCJUq2VT-yg&list=PLG92h61c7jzAGTKfn68sQCy5zuqMekElt', 1),
(4, 'MPLS và ứng dụng.', 'https://www.youtube.com/watch?v=nCJUq2VT-yg&list=PLG92h61c7jzAGTKfn68sQCy5zuqMekElt', 1),
(5, 'Mạng SDN & một số ứng dụng của mạng SDN trong mạng overlay data center, trong Big data và NFV', 'https://www.youtube.com/watch?v=nCJUq2VT-yg&list=PLG92h61c7jzAGTKfn68sQCy5zuqMekElt', 1),
(6, 'Khái niệm cơ bản', 'https://www.youtube.com/watch?v=QDX-1M5Nj7s&list=PLtBw6njQRU-rwp5__7C0oIVt26ZgjG9NI', 2),
(7, 'Mô hình học máy', 'https://www.youtube.com/watch?v=QDX-1M5Nj7s&list=PLtBw6njQRU-rwp5__7C0oIVt26ZgjG9NI', 2),
(8, 'Phân loại học máy', 'https://www.youtube.com/watch?v=QDX-1M5Nj7s&list=PLtBw6njQRU-rwp5__7C0oIVt26ZgjG9NI', 2),
(9, 'Quy trình học có giám sát', 'https://www.youtube.com/watch?v=QDX-1M5Nj7s&list=PLtBw6njQRU-rwp5__7C0oIVt26ZgjG9NI', 2),
(10, 'Phân loại học có giám sát', 'https://www.youtube.com/watch?v=QDX-1M5Nj7s&list=PLtBw6njQRU-rwp5__7C0oIVt26ZgjG9NI', 2),
(11, 'Tổng quan về bài toán phân loại (classification)', 'https://www.youtube.com/watch?v=QDX-1M5Nj7s&list=PLtBw6njQRU-rwp5__7C0oIVt26ZgjG9NI', 2),
(12, 'Tổng quan về bài toán hồi quy (regression)', 'https://www.youtube.com/watch?v=QDX-1M5Nj7s&list=PLtBw6njQRU-rwp5__7C0oIVt26ZgjG9NI', 2),
(13, 'Các thuật toán phân loại (classification algorithms)', 'https://www.youtube.com/watch?v=QDX-1M5Nj7s&list=PLtBw6njQRU-rwp5__7C0oIVt26ZgjG9NI', 2),
(14, 'Các thuật toán hồi quy', 'https://www.youtube.com/watch?v=QDX-1M5Nj7s&list=PLtBw6njQRU-rwp5__7C0oIVt26ZgjG9NI', 2),
(15, 'Ứng dụng học có giám sát', 'https://www.youtube.com/watch?v=QDX-1M5Nj7s&list=PLtBw6njQRU-rwp5__7C0oIVt26ZgjG9NI', 2),
(16, 'Chú ý khi xây dựng mô hình học có giám sát/ học không giám sát', 'https://www.youtube.com/watch?v=QDX-1M5Nj7s&list=PLtBw6njQRU-rwp5__7C0oIVt26ZgjG9NI', 2),
(17, 'Bài toán ví dụ: Fraud detection application', 'https://www.youtube.com/watch?v=QDX-1M5Nj7s&list=PLtBw6njQRU-rwp5__7C0oIVt26ZgjG9NI', 2),
(18, 'Mạng nơ-ron trong não người', 'https://www.youtube.com/watch?v=QDX-1M5Nj7s&list=PLtBw6njQRU-rwp5__7C0oIVt26ZgjG9NI', 2),
(19, 'Bài toán ví dụ: Fraud detection application', 'https://www.youtube.com/watch?v=QDX-1M5Nj7s&list=PLtBw6njQRU-rwp5__7C0oIVt26ZgjG9NI', 2),
(20, 'Mạng nơ-ron nhân tạo', 'https://www.youtube.com/watch?v=QDX-1M5Nj7s&list=PLtBw6njQRU-rwp5__7C0oIVt26ZgjG9NI', 2),
(21, 'Đặc điểm của mạng nơ-ron', 'https://www.youtube.com/watch?v=QDX-1M5Nj7s&list=PLtBw6njQRU-rwp5__7C0oIVt26ZgjG9NI', 2),
(22, 'Cấu tạo mạng nơ-ron', 'https://www.youtube.com/watch?v=QDX-1M5Nj7s&list=PLtBw6njQRU-rwp5__7C0oIVt26ZgjG9NI', 2),
(23, 'Hoạt động mạng nơ-ron', 'https://www.youtube.com/watch?v=QDX-1M5Nj7s&list=PLtBw6njQRU-rwp5__7C0oIVt26ZgjG9NI', 2),
(24, 'Huấn luyện mạng nơ-ron', 'https://www.youtube.com/watch?v=QDX-1M5Nj7s&list=PLtBw6njQRU-rwp5__7C0oIVt26ZgjG9NI', 2),
(25, 'Giới thiệu về RNN', 'https://www.youtube.com/watch?v=QDX-1M5Nj7s&list=PLtBw6njQRU-rwp5__7C0oIVt26ZgjG9NI', 2),
(26, 'Giới thiệu về LSTM', '0', 2),
(27, 'Convolution layer', '0', 2),
(28, 'Pooling layer', '0', 2),
(29, 'Hoạt động của CNN', '0', 2),
(30, 'Chú ý khi huấn luyện mạng CNN', '0', 2),
(31, 'Ứng dụng của CNN', '0', 2),
(32, 'Động lực từ ImageNet Large Scale Visual Recognition Competition (ILSVRC)', '0', 2),
(33, 'Các mạng CNN phổ biến', '0', 2),
(34, 'Transfer learning', '0', 2),
(35, 'R-CNN', '0', 2),
(36, 'Fast R-CNN', '0', 2),
(37, 'Single shot detectors (SSD)', '0', 2),
(38, 'You Only Look Once (YOLO)', '0', 2);

-- --------------------------------------------------------

--
-- Table structure for table `course_teach`
--

CREATE TABLE `course_teach` (
  `course_teach_id` int(11) NOT NULL,
  `courseID` int(11) NOT NULL,
  `teacherID` int(11) NOT NULL
) ENGINE=InnoDB DEFAULT CHARSET=utf8mb4 COLLATE=utf8mb4_general_ci;

--
-- Dumping data for table `course_teach`
--

INSERT INTO `course_teach` (`course_teach_id`, `courseID`, `teacherID`) VALUES
(1, 1, 1),
(2, 2, 10),
(3, 1, 4),
(4, 2, 9),
(5, 1, 10);

-- --------------------------------------------------------

--
-- Table structure for table `exam`
--

CREATE TABLE `exam` (
  `examID` int(11) NOT NULL,
  `finishTime` timestamp NULL DEFAULT NULL,
  `examLink` text NOT NULL,
  `state` varchar(256) NOT NULL,
  `score` int(11) DEFAULT NULL,
  `segmentID` int(11) NOT NULL,
  `startTime` timestamp NULL DEFAULT NULL
) ENGINE=InnoDB DEFAULT CHARSET=utf8mb4 COLLATE=utf8mb4_vietnamese_ci COMMENT='store finish and start time in a same time or update ';

-- --------------------------------------------------------

--
-- Table structure for table `learnhistory`
--

CREATE TABLE `learnhistory` (
  `id` int(11) NOT NULL,
  `isCompleted` tinyint(1) NOT NULL,
  `timeToComplete` int(11) DEFAULT NULL,
  `grade` int(11) DEFAULT NULL,
  `lectureID` int(11) NOT NULL,
  `userID` int(11) NOT NULL
) ENGINE=InnoDB DEFAULT CHARSET=utf8mb4 COLLATE=utf8mb4_vietnamese_ci COMMENT='shoud save or drop this table cause of exam table is wellinf';

-- --------------------------------------------------------

--
-- Table structure for table `lecture`
--

CREATE TABLE `lecture` (
  `lectureID` int(11) NOT NULL,
  `lectureName` varchar(256) DEFAULT NULL,
  `lectureDescription` varchar(256) DEFAULT NULL,
  `lectureVideoLink` text NOT NULL,
  `lectureImage` text NOT NULL,
  `lectureSlug` text NOT NULL,
  `createdAt` timestamp NOT NULL DEFAULT current_timestamp(),
  `lastUpdate` timestamp NOT NULL DEFAULT current_timestamp() ON UPDATE current_timestamp(),
  `segmentID` int(11) NOT NULL,
  `lectureSeqNumber` int(11) NOT NULL
) ENGINE=InnoDB DEFAULT CHARSET=utf8mb4 COLLATE=utf8mb4_vietnamese_ci;

--
-- Dumping data for table `lecture`
--

INSERT INTO `lecture` (`lectureID`, `lectureName`, `lectureDescription`, `lectureVideoLink`, `lectureImage`, `lectureSlug`, `createdAt`, `lastUpdate`, `segmentID`, `lectureSeqNumber`) VALUES
(1, 'Prof. Muriel Visani', 'Muriel VISANI hiện là PGS về KHMT tại trường La Rochelle (Pháp), và từ 9/2020, bà đồng thời giữ vị trí tương tự tại Viện CNTT&TT, ĐHBK Hà Nội (HUST).', 'https://www.youtube.com/watch?v=LucW-p6zC5c&list=PLBw9d_OueVJS_084gYQexJ38LC2LEhpR4', 'https://daotao.ai/media/filer_public_thumbnails/filer_public/65/f2/65f22862-a890-4c7a-9387-ced227d3c502/muriel-visani.jpg__200x200_q85_crop_subsampling-2_upscale.jpg', '', '2023-05-06 04:26:05', '2023-06-17 16:16:35', 31, 1),
(2, 'python interpreter', NULL, 'https://www.youtube.com/watch?v=YfPwlPhi-qc&t=255s&ab_channel=Th%C3%A0nhHuy', 'https://www.google.com/url?sa=i&url=https%3A%2F%2Fwww.youtube.com%2Fuser%2FBangBangonline&psig=AOvVaw043ZGpSGJI07M1urgVSN4i&ust=1683433168575000&source=images&cd=vfe&ved=0CBEQjRxqFwoTCNCYgrLr3_4CFQAAAAAdAAAAABAZ', '', '2023-05-06 04:27:23', '2023-06-17 16:16:35', 1, 2);

-- --------------------------------------------------------

--
-- Table structure for table `role`
--

CREATE TABLE `role` (
  `roleID` int(11) NOT NULL,
  `create` tinyint(1) NOT NULL DEFAULT 0,
  `update` tinyint(1) NOT NULL DEFAULT 0,
  `read` tinyint(1) NOT NULL DEFAULT 1,
  `delete` tinyint(1) NOT NULL DEFAULT 0
) ENGINE=InnoDB DEFAULT CHARSET=utf8mb4 COLLATE=utf8mb4_vietnamese_ci;

--
-- Dumping data for table `role`
--

INSERT INTO `role` (`roleID`, `create`, `update`, `read`, `delete`) VALUES
(1, 0, 0, 1, 0),
(2, 1, 1, 1, 1),
(3, 0, 1, 1, 1),
(4, 0, 0, 1, 0);

-- --------------------------------------------------------

--
-- Table structure for table `scope`
--

CREATE TABLE `scope` (
  `ScopeID` int(11) NOT NULL,
  `admin` tinyint(1) NOT NULL DEFAULT 0,
  `teacher` tinyint(1) NOT NULL DEFAULT 0,
  `student` tinyint(1) NOT NULL DEFAULT 0,
  `user` tinyint(1) NOT NULL DEFAULT 1
) ENGINE=InnoDB DEFAULT CHARSET=utf8mb4 COLLATE=utf8mb4_vietnamese_ci;

--
-- Dumping data for table `scope`
--

INSERT INTO `scope` (`ScopeID`, `admin`, `teacher`, `student`, `user`) VALUES
(1, 0, 0, 0, 1),
(2, 1, 0, 0, 0),
(3, 0, 1, 0, 0),
(4, 0, 0, 1, 0);

-- --------------------------------------------------------

--
-- Table structure for table `scopepermission`
--

CREATE TABLE `scopepermission` (
  `scopeID` int(11) NOT NULL,
  `roleID` int(11) NOT NULL,
  `status` varchar(256) NOT NULL
) ENGINE=InnoDB DEFAULT CHARSET=utf8mb4 COLLATE=utf8mb4_vietnamese_ci COMMENT='relation between scope and role is 1-1, so we don''t need it';

--
-- Dumping data for table `scopepermission`
--

INSERT INTO `scopepermission` (`scopeID`, `roleID`, `status`) VALUES
(1, 1, 'enabled'),
(2, 2, 'disabled'),
(3, 3, 'enabled'),
(4, 4, 'enabled');

-- --------------------------------------------------------

--
-- Table structure for table `teacher`
--

CREATE TABLE `teacher` (
  `teacherid` int(11) NOT NULL,
  `fullName` varchar(50) NOT NULL,
  `phoneNumber` varchar(11) NOT NULL,
  `img` text DEFAULT NULL,
  `intro` text DEFAULT NULL
) ENGINE=InnoDB DEFAULT CHARSET=utf8mb4 COLLATE=utf8mb4_vietnamese_ci;

--
-- Dumping data for table `teacher`
--

INSERT INTO `teacher` (`teacherid`, `fullName`, `phoneNumber`, `img`, `intro`) VALUES
(1, 'Prof. Muriel Visani', '03333333333', 'https://daotao.ai/media/filer_public_thumbnails/filer_public/65/f2/65f22862-a890-4c7a-9387-ced227d3c502/muriel-visani.jpg__200x200_q85_crop_subsampling-2_upscale.jpg', 'Muriel VISANI hiện là PGS về KHMT tại trường La Rochelle (Pháp), và từ 9/2020, bà đồng thời giữ vị trí tương tự tại Viện CNTT&TT, ĐHBK Hà Nội (HUST).'),
(2, 'Lê Tấn Hùng', '03335445515', 'https://daotao.ai/media/filer_public_thumbnails/filer_public/ef/7f/ef7f67f6-d091-48f0-b3fb-f0bd707501b8/letanhung.png__200x200_crop_subsampling-2_upscale.png', 'ThS. Lê Tấn Hùng công tác tại ĐHBKHN. Hướng nghiên cứu và giảng dạy của ông bao gồm Y tế từ xa, mobile marketing, thương mại điện tử.'),
(3, 'TS. Phạm Huy Hoàng', '0215152221', 'https://daotao.ai/media/filer_public_thumbnails/filer_public/9d/2f/9d2fa932-6ddc-4f03-a788-6813f3507407/dhp_5732-1024x1534.jpg__200x200_q85_crop_subsampling-2_upscale.jpg', 'GIỚI THIỆU Phạm Huy Hoàng là giảng viên bộ môn Truyền thông và Mạng máy tính. Ông đã hoàn thành luận án Tiến sỹ về Khoa học Máy tính vào năm 2002 tại Viện Nghiên cứu Quốc gia về Tin học và Tự động hóa, Công Hòa Pháp. Các hương quan tâm nghiên cứu hiện tại bao gôm các kiến trúc mạng tiến tiến và các nền tảng tương tác Web thế hệ mới. Ông cũng cho xuất bản cuốn “Thiết kế mạng Intranet” được sử dụng là giáo trình cho môn học tại trường Đại học Bách khoa Hà Nội.'),
(4, 'PGS. Trương Thị Diệu Linh', '0351651515', 'https://daotao.ai/media/filer_public_thumbnails/filer_public/43/ff/43ff5e7a-5d6c-496c-97f7-1b95ee18e9e6/truong-thi-dieu-linh.jpg__200x200_q85_crop_subsampling-2_upscale.jpg', 'PGS. Trương Thị Diệu Linh công tác tại ĐHBK Hà nội. Các hướng nghiên cứu của cô bao gồm bài toán tối ưu mạng, định tuyến chịu lỗi & mạng hiện đại.'),
(5, 'ThS. Bùi Trọng Tùng', '02155152525', 'https://daotao.ai/media/filer_public_thumbnails/filer_public/4d/c8/4dc89f08-ede1-4c6f-8252-0d78b12b6b1b/img_1627.jpg__200x200_q85_crop_subsampling-2_upscale.jpg', 'Bùi Trọng Tùng là giảng viên tại Viện Công nghệ thông tin và truyền thông, và là cán bộ kiêm nhiệm tại Trung tâm An toàn An ninh Thông tin, trường Đại học Bách khoa Hà Nội. Bùi Trọng Tùng nhận học vị thạc sỹ chuyên ngành Truyền thông và Mang máy tính năm 2010 tại trường Đại học Bách khoa Hà Nội. Hướng nghiên cứu của ông tập trung vào lĩnh vực an toàn, an ninh thông tin với ứng dụng trong các giải pháp tường lửa, hệ thống phát hiện và ngăn chặn tấn công mạng.'),
(8, 'TS. Đặng Tuấn Linh', '03333333333', 'https://daotao.ai/media/filer_public_thumbnails/filer_public/e1/27/e1278f61-da7f-488a-863a-ec15dfeec52d/dang-tuan-linh.jpg__200x200_q85_crop_subsampling-2_upscale.jpg', 'Đặng Tuấn Linh là giảng viên tại Đại học Bách khoa Hà Nội, nhận bằng Tiến sĩ Khoa học Máy tính tại Đại học Công nghệ Kochi, Nhật Bản năm 2017.'),
(9, 'TS. Ban Hà Bằng', '03333333333', 'https://daotao.ai/media/filer_public_thumbnails/filer_public/5c/f8/5cf8f10c-d811-4a51-b594-ad2ec131d56c/ban-ha-bang.jpg__200x200_q85_crop_subsampling-2_upscale.jpg', 'Tiến sĩ Ban Hà Bằng hiện là giảng viên Trường Công nghệ thông tin và truyền thông - Đại học Bách khoa Hà Nội.'),
(10, 'PGS.TS Đỗ Phan Thuận', '03333333333', 'https://daotao.ai/media/filer_public_thumbnails/filer_public/3e/0a/3e0a8dd0-26ae-48fb-ac23-6aff35ca0958/do-phan-thuan-1024x1534.jpg__200x200_q85_crop_subsampling-2_upscale.jpg', 'PGS.TS Đỗ Phan Thuận hiện là Giảng viên Cao cấp tại bộ môn Khoa học Máy tính, trường CNTT&TT, ĐHBKHN .');

-- --------------------------------------------------------

--
-- Table structure for table `token`
--

CREATE TABLE `token` (
  `id` int(11) NOT NULL,
  `expired` bit(1) NOT NULL,
  `revoked` bit(1) NOT NULL,
  `token` varchar(255) DEFAULT NULL,
  `token_type` varchar(255) DEFAULT NULL,
  `user_id` int(11) DEFAULT NULL
) ENGINE=InnoDB DEFAULT CHARSET=utf8mb4 COLLATE=utf8mb4_general_ci;

--
-- Dumping data for table `token`
--

INSERT INTO `token` (`id`, `expired`, `revoked`, `token`, `token_type`, `user_id`) VALUES
(1, b'1', b'1', 'eyJhbGciOiJIUzI1NiJ9.eyJzdWIiOiJuZ3V5ZW5AMTJAZ21haWwuY29tIiwiaWF0IjoxNjg2NTgwNjY4LCJleHAiOjE2ODY1ODA3Mjh9.YycErpR5qaunybCa6EDNeMrv9y-okBve30NQMyNW4pk', 'BEARER', 52),
(2, b'1', b'1', 'eyJhbGciOiJIUzI1NiJ9.eyJzdWIiOiJuZ3V5ZW5AMTJAZ21haWwuY29tIiwiaWF0IjoxNjg2NTgwNjgxLCJleHAiOjE2ODY1ODA3NDF9.y1FpHXu5FC729Lxc2YZf9snAZ_vOC7Yg0GEkMAItW9o', 'BEARER', 52),
(3, b'1', b'1', 'eyJhbGciOiJIUzI1NiJ9.eyJzdWIiOiJuZ3V5ZW5AMTJAZ21haWwuY29tIiwiaWF0IjoxNjg2NTgwODIyLCJleHAiOjE2ODY1ODA4ODJ9.41l9H_4OSjOLh_BZcWAgffCsRk1N6CfIKmR1VPKHUI8', 'BEARER', 52),
(4, b'0', b'0', 'eyJhbGciOiJIUzI1NiJ9.eyJzdWIiOiJuZ3V5ZW5AMTJAZ21haWwuY29tIiwiaWF0IjoxNjg2NTgwOTEwLCJleHAiOjE2ODY1ODA5NzB9.ue4ldwuT8ZUPF9SAIHy60J6ySxpMjwM3PLyjw7sxtaY', 'BEARER', 52),
(52, b'0', b'0', 'eyJhbGciOiJIUzI1NiJ9.eyJzdWIiOiJuZ3V5ZW5AMTJAZ21haWwuY29tIiwiaWF0IjoxNjg2NTgxMzA5LCJleHAiOjE2ODY2Njc3MDl9.S4XvX_Lrp1mmP3ths5SG43G9K-O5aXYi2A6HZZ1pLvY', 'BEARER', 102),
(53, b'1', b'1', 'eyJhbGciOiJIUzI1NiJ9.eyJzdWIiOiJuZ3V5ZW5AMTFAZ21haWwuY29tIiwiaWF0IjoxNjg2NTgxMzk5LCJleHAiOjE2ODY2Njc3OTl9.v58iRYt-i8OXDlvcB2igAxAiEs_B20TJF8PjAymgkOA', 'BEARER', 103),
(54, b'1', b'1', 'eyJhbGciOiJIUzI1NiJ9.eyJzdWIiOiJuZ3V5ZW5AMTFAZ21haWwuY29tIiwiaWF0IjoxNjg2NTgxNDA4LCJleHAiOjE2ODY2Njc4MDh9.E9gyOTYVbXSq7K76eDSm-Sfv4nUG5kzvnPEUiTesGXc', 'BEARER', 103),
(102, b'1', b'1', 'eyJhbGciOiJIUzI1NiJ9.eyJzdWIiOiJuZ3V5ZW5AMTFAZ21haWwuY29tIiwiaWF0IjoxNjg2NTgxNzQxLCJleHAiOjE2ODY2NjgxNDF9.j3YFLSpB6mxa-3BWgxHKw6aNtIZVk4W1yLnr88_FTq4', 'BEARER', 103),
(152, b'1', b'1', 'eyJhbGciOiJIUzI1NiJ9.eyJzdWIiOiJuZ3V5ZW5AMTFAZ21haWwuY29tIiwiaWF0IjoxNjg2NTg0NzQ3LCJleHAiOjE2ODY2NzExNDd9.kxTWQN-94pKUTylIo2QEN_VcgNMGhhWY9LRlca15j5Q', 'BEARER', 103),
(202, b'1', b'1', 'eyJhbGciOiJIUzI1NiJ9.eyJzdWIiOiJuZ3V5ZW5AMTFAZ21haWwuY29tIiwiaWF0IjoxNjg2NTg3MDg3LCJleHAiOjE2ODY2NzM0ODd9.EKvbapBK-5DH56fc-Ce1zF3SHhHcTiTLBTyNgsMy4Bs', 'BEARER', 103),
(252, b'0', b'0', 'eyJhbGciOiJIUzI1NiJ9.eyJzdWIiOiJuZ3V5ZW5AMTFAZ21haWwuY29tIiwiaWF0IjoxNjg2NjY5NDUwLCJleHAiOjE2ODY3NTU4NTB9.D9T5Tu8d3WNOXhq7qtDMxoxhik2uQ4b5otBJGE-OqTw', 'BEARER', 103),
(302, b'1', b'1', 'eyJhbGciOiJIUzI1NiJ9.eyJzdWIiOiJuZ3V5ZW5AMTExQGdtYWlsLmNvbSIsImlhdCI6MTY4NjgyNDE0NywiZXhwIjoxNjg2OTEwNTQ3fQ.LO4afwyi7cNWSUQT4OJGYS3AxXVVFIUHDeo8ppIQ52w', 'BEARER', 152),
(303, b'1', b'1', 'eyJhbGciOiJIUzI1NiJ9.eyJzdWIiOiJuZ3V5ZW5AMTExQGdtYWlsLmNvbSIsImlhdCI6MTY4NjgyNDE2MywiZXhwIjoxNjg2OTEwNTYzfQ.DPSsDpH2P-sblyX1nf78pUgR0x1QX_lqZChidydGIcI', 'BEARER', 152),
(352, b'1', b'1', 'eyJhbGciOiJIUzI1NiJ9.eyJzdWIiOiJuZ3V5ZW5AMTExQGdtYWlsLmNvbSIsImlhdCI6MTY4NjkzNDQ5NSwiZXhwIjoxNjg3MDIwODk1fQ.2X9vNtVgqE3IFmhiQr385Z2XBsEjAFLvdEQVjWsn3l8', 'BEARER', 152),
(402, b'1', b'1', 'eyJhbGciOiJIUzI1NiJ9.eyJzdWIiOiJuZ3V5ZW5AMTExQGdtYWlsLmNvbSIsImlhdCI6MTY4Njk5NDY3OCwiZXhwIjoxNjg3MDgxMDc4fQ._8nSlSONdUx7yt34MnzxidQJF33srFNWrtcmGVoJRbg', 'BEARER', 152),
(452, b'1', b'1', 'eyJhbGciOiJIUzI1NiJ9.eyJzdWIiOiJuZ3V5ZW5AMTExQGdtYWlsLmNvbSIsImlhdCI6MTY4Njk5NTk0NiwiZXhwIjoxNjg3MDgyMzQ2fQ.EihQTzYckF3oVNznwEqhiqiEYUyMbXh7HVK2TJdcZGk', 'BEARER', 152),
(502, b'1', b'1', 'eyJhbGciOiJIUzI1NiJ9.eyJzdWIiOiJuZ3V5ZW5AMTExQGdtYWlsLmNvbSIsImlhdCI6MTY4Njk5NjA2NCwiZXhwIjoxNjg3MDgyNDY0fQ.ZVnQFlpuQ8mSb4d6tZwCmHEoyBUu1vZ4qgTZ7JAS_RQ', 'BEARER', 152),
(552, b'1', b'1', 'eyJhbGciOiJIUzI1NiJ9.eyJzdWIiOiJuZ3V5ZW5AMTExQGdtYWlsLmNvbSIsImlhdCI6MTY4Njk5Njg1NiwiZXhwIjoxNjg3MDgzMjU2fQ.OSGS-rsM-21DafROQvTao6Mo-miYhiMbMsVX6pSXhSg', 'BEARER', 152),
(602, b'1', b'1', 'eyJhbGciOiJIUzI1NiJ9.eyJzdWIiOiJuZ3V5ZW5AMTExQGdtYWlsLmNvbSIsImlhdCI6MTY4NzAxODI0MywiZXhwIjoxNjg3MTA0NjQzfQ.D5OLSWttToNwZ9fFV5RXCCXvVBaBc-jaPS_t2GnLSak', 'BEARER', 152),
(652, b'1', b'1', 'eyJhbGciOiJIUzI1NiJ9.eyJzdWIiOiJuZ3V5ZW5AMTExQGdtYWlsLmNvbSIsImlhdCI6MTY4NzAxOTQ2NiwiZXhwIjoxNjg3MTA1ODY2fQ.rhr8p6jm4ybKXaBs5O4DpvdEwX7QVgEkCh_QmA4ga94', 'BEARER', 152),
(702, b'1', b'1', 'eyJhbGciOiJIUzI1NiJ9.eyJzdWIiOiJuZ3V5ZW5AMTExQGdtYWlsLmNvbSIsImlhdCI6MTY4NzAxOTY1NiwiZXhwIjoxNjg3MTA2MDU2fQ.swGNP80i7WRHkWapGgsfZvw5DcEppKIp71nn-LJnxc0', 'BEARER', 152),
(752, b'1', b'1', 'eyJhbGciOiJIUzI1NiJ9.eyJzdWIiOiJuZ3V5ZW5AMTExQGdtYWlsLmNvbSIsImlhdCI6MTY4NzAxOTc0OSwiZXhwIjoxNjg3MTA2MTQ5fQ.gACRNu4TlwluRMqGBtrC4dXBeBvJWFqoGAjh_MDtRiM', 'BEARER', 152),
(802, b'1', b'1', 'eyJhbGciOiJIUzI1NiJ9.eyJzdWIiOiJuZ3V5ZW5AMTExQGdtYWlsLmNvbSIsImlhdCI6MTY4NzAxOTkwMCwiZXhwIjoxNjg3MTA2MzAwfQ.41H0R-2F1b4oDcJbfmKtpjBAm_baR4nEfmK18ty9Jks', 'BEARER', 152),
(852, b'0', b'0', 'eyJhbGciOiJIUzI1NiJ9.eyJzdWIiOiJuZ3V5ZW5AMTExQGdtYWlsLmNvbSIsImlhdCI6MTY4NzAyMDc2NSwiZXhwIjoxNjg3MTA3MTY1fQ.5JbD1adYq6MG99HZ0Wwh5QfxtsC5IW1_YPqkYRpusaA', 'BEARER', 152);

-- --------------------------------------------------------

--
-- Table structure for table `token_seq`
--

CREATE TABLE `token_seq` (
  `next_val` bigint(20) DEFAULT NULL
) ENGINE=InnoDB DEFAULT CHARSET=utf8mb4 COLLATE=utf8mb4_general_ci;

--
-- Dumping data for table `token_seq`
--

INSERT INTO `token_seq` (`next_val`) VALUES
(951);

-- --------------------------------------------------------

--
-- Table structure for table `transactionhistory`
--

CREATE TABLE `transactionhistory` (
  `transactionID` int(11) NOT NULL,
  `cost` int(11) DEFAULT NULL,
  `time` timestamp NOT NULL DEFAULT current_timestamp(),
  `state` varchar(16) DEFAULT NULL,
  `courseID` int(11) NOT NULL,
  `userID` int(11) NOT NULL,
  `isPermissionEnabled` tinyint(1) DEFAULT NULL
) ENGINE=InnoDB DEFAULT CHARSET=utf8mb4 COLLATE=utf8mb4_vietnamese_ci;

--
-- Dumping data for table `transactionhistory`
--

INSERT INTO `transactionhistory` (`transactionID`, `cost`, `time`, `state`, `courseID`, `userID`, `isPermissionEnabled`) VALUES
(1, 20000, '2023-05-06 04:28:32', 'successfully', 1, 3, 1),
(2, 50000, '2023-05-06 04:29:58', 'failed', 2, 4, 0);

-- --------------------------------------------------------

--
-- Table structure for table `user`
--

CREATE TABLE `user` (
  `userID` int(11) NOT NULL COMMENT 'split into two table to ???\r\n',
  `email` varchar(256) NOT NULL,
  `passWord` varchar(256) NOT NULL,
  `scopeID` int(11) NOT NULL,
  `pass_word` varchar(255) DEFAULT NULL
) ENGINE=InnoDB DEFAULT CHARSET=utf8mb4 COLLATE=utf8mb4_vietnamese_ci;

--
-- Dumping data for table `user`
--

INSERT INTO `user` (`userID`, `email`, `passWord`, `scopeID`, `pass_word`) VALUES
(1, 'LeThien7902@gmail.com', '123456789', 1, NULL),
(2, 'ngobakha@yahoo.com', '111111113', 2, NULL),
(3, 'hust@gmail.com', '123456789', 3, NULL),
(4, 'soict@gmail.com', 'admin', 4, NULL);

-- --------------------------------------------------------

--
-- Table structure for table `userinformation`
--

CREATE TABLE `userinformation` (
  `userID` int(11) NOT NULL,
  `fullName` varchar(256) NOT NULL,
  `phoneNumber` varchar(11) NOT NULL,
  `img` text DEFAULT NULL,
  `createdAt` timestamp NOT NULL DEFAULT current_timestamp(),
  `isVerified` tinyint(1) DEFAULT NULL,
  `roleID` int(11) NOT NULL,
  `created_at` datetime(6) DEFAULT NULL,
  `full_name` varchar(255) DEFAULT NULL,
  `is_verified` bit(1) DEFAULT NULL,
  `phone_number` varchar(255) DEFAULT NULL
) ENGINE=InnoDB DEFAULT CHARSET=utf8mb4 COLLATE=utf8mb4_vietnamese_ci;

--
-- Dumping data for table `userinformation`
--

INSERT INTO `userinformation` (`userID`, `fullName`, `phoneNumber`, `img`, `createdAt`, `isVerified`, `roleID`, `created_at`, `full_name`, `is_verified`, `phone_number`) VALUES
(1, '0', '0', '0', '0000-00-00 00:00:00', 0, 0, NULL, NULL, NULL, NULL);

-- --------------------------------------------------------

--
-- Table structure for table `_user`
--

CREATE TABLE `_user` (
  `id` int(11) NOT NULL,
  `email` varchar(255) DEFAULT NULL,
  `firstname` varchar(255) DEFAULT NULL,
  `lastname` varchar(255) DEFAULT NULL,
  `password` varchar(255) DEFAULT NULL,
  `role` varchar(255) DEFAULT NULL
) ENGINE=InnoDB DEFAULT CHARSET=utf8mb4 COLLATE=utf8mb4_general_ci;

--
-- Dumping data for table `_user`
--

INSERT INTO `_user` (`id`, `email`, `firstname`, `lastname`, `password`, `role`) VALUES
(1, 'nguyen@123456@gmail.com', 'Nguyen', 'Nguyen', '$2a$10$pweefQxjDWBH0Jw9v1Wtl.anYzrqxxXEvGHjeRLXnx/EfMEKyRQv.', 'USER'),
(2, 'nguyen@1@gmail.com', 'Nguyen', 'Nguyen', '$2a$10$Eddzu9037/7q/.AbRJd89uQcO7gUJcFv13pqayDTqdj.yLgLViB3G', 'USER'),
(52, 'nguyen@12@gmail.com', 'Nguyen', 'Nguyen', '$2a$10$b.eZgiquOfPlnk0TGYciOekFptJuaqwJvcUMVx8uMcG6QAiq835J6', 'USER'),
(102, 'nguyen@12@gmail.com', 'Nguyen', 'Nguyen', '$2a$10$xTmvmsp2ND0MkLqawujZBOR3Jt21iJObxT7eWw.yB17urTT8RpNYS', 'USER'),
(103, 'nguyen@11@gmail.com', 'Nguyen', 'Nguyen', '$2a$10$.yB3DLqipyriiJaIXQjA6OMzx9FojYencWFCMrAL9/SRv0ktg2/Wy', 'USER'),
(152, 'nguyen@111@gmail.com', 'Nguyen', 'Nguyen', '$2a$10$2EJ7VrkoJaaLqRxyAYzQEuIKoTtq0b8xYqqm.jP.oHBGULwgOlRcy', 'USER');

-- --------------------------------------------------------

--
-- Table structure for table `_user_seq`
--

CREATE TABLE `_user_seq` (
  `next_val` bigint(20) DEFAULT NULL
) ENGINE=InnoDB DEFAULT CHARSET=utf8mb4 COLLATE=utf8mb4_general_ci;

--
-- Dumping data for table `_user_seq`
--

INSERT INTO `_user_seq` (`next_val`) VALUES
(251),
(1);

--
-- Indexes for dumped tables
--

--
-- Indexes for table `blog`
--
ALTER TABLE `blog`
  ADD PRIMARY KEY (`blogID`),
  ADD KEY `userID` (`userID`);

--
-- Indexes for table `category`
--
ALTER TABLE `category`
  ADD PRIMARY KEY (`categoryID`),
  ADD KEY `parentCategoryID` (`parentCategoryID`);

--
-- Indexes for table `course`
--
ALTER TABLE `course`
  ADD PRIMARY KEY (`courseID`),
  ADD KEY `categoryID` (`categoryID`),
  ADD KEY `userID` (`userID`);

--
-- Indexes for table `coursesegment`
--
ALTER TABLE `coursesegment`
  ADD PRIMARY KEY (`segmentID`),
  ADD KEY `courseID` (`courseID`);

--
-- Indexes for table `course_teach`
--
ALTER TABLE `course_teach`
  ADD PRIMARY KEY (`course_teach_id`),
  ADD KEY `courseID` (`courseID`),
  ADD KEY `teacherid` (`teacherID`);

--
-- Indexes for table `exam`
--
ALTER TABLE `exam`
  ADD PRIMARY KEY (`examID`),
  ADD KEY `lectureID` (`segmentID`);

--
-- Indexes for table `learnhistory`
--
ALTER TABLE `learnhistory`
  ADD PRIMARY KEY (`id`),
  ADD KEY `lectureID` (`lectureID`),
  ADD KEY `userID` (`userID`);

--
-- Indexes for table `lecture`
--
ALTER TABLE `lecture`
  ADD PRIMARY KEY (`lectureID`),
  ADD KEY `segmentID` (`segmentID`);

--
-- Indexes for table `role`
--
ALTER TABLE `role`
  ADD PRIMARY KEY (`roleID`);

--
-- Indexes for table `scope`
--
ALTER TABLE `scope`
  ADD PRIMARY KEY (`ScopeID`);

--
-- Indexes for table `scopepermission`
--
ALTER TABLE `scopepermission`
  ADD PRIMARY KEY (`scopeID`,`roleID`),
  ADD KEY `roleID` (`roleID`);

--
-- Indexes for table `teacher`
--
ALTER TABLE `teacher`
  ADD PRIMARY KEY (`teacherid`);

--
-- Indexes for table `token`
--
ALTER TABLE `token`
  ADD PRIMARY KEY (`id`),
  ADD UNIQUE KEY `UK_pddrhgwxnms2aceeku9s2ewy5` (`token`),
  ADD KEY `FKiblu4cjwvyntq3ugo31klp1c6` (`user_id`);

--
-- Indexes for table `transactionhistory`
--
ALTER TABLE `transactionhistory`
  ADD PRIMARY KEY (`transactionID`),
  ADD KEY `transactionhistory_ibfk_1` (`courseID`),
  ADD KEY `userID` (`userID`);

--
-- Indexes for table `user`
--
ALTER TABLE `user`
  ADD PRIMARY KEY (`userID`),
  ADD KEY `scopeID` (`scopeID`);

--
-- Indexes for table `userinformation`
--
ALTER TABLE `userinformation`
  ADD PRIMARY KEY (`userID`);

--
-- Indexes for table `_user`
--
ALTER TABLE `_user`
  ADD PRIMARY KEY (`id`);

--
-- AUTO_INCREMENT for dumped tables
--

--
-- AUTO_INCREMENT for table `blog`
--
ALTER TABLE `blog`
  MODIFY `blogID` int(11) NOT NULL AUTO_INCREMENT, AUTO_INCREMENT=8;

--
-- AUTO_INCREMENT for table `category`
--
ALTER TABLE `category`
  MODIFY `categoryID` int(11) NOT NULL AUTO_INCREMENT, AUTO_INCREMENT=12;

--
-- AUTO_INCREMENT for table `course`
--
ALTER TABLE `course`
  MODIFY `courseID` int(11) NOT NULL AUTO_INCREMENT, AUTO_INCREMENT=12;

--
-- AUTO_INCREMENT for table `coursesegment`
--
ALTER TABLE `coursesegment`
  MODIFY `segmentID` int(11) NOT NULL AUTO_INCREMENT, AUTO_INCREMENT=39;

--
-- AUTO_INCREMENT for table `exam`
--
ALTER TABLE `exam`
  MODIFY `examID` int(11) NOT NULL AUTO_INCREMENT;

--
-- AUTO_INCREMENT for table `learnhistory`
--
ALTER TABLE `learnhistory`
  MODIFY `id` int(11) NOT NULL AUTO_INCREMENT;

--
-- AUTO_INCREMENT for table `lecture`
--
ALTER TABLE `lecture`
  MODIFY `lectureID` int(11) NOT NULL AUTO_INCREMENT, AUTO_INCREMENT=4;

--
-- AUTO_INCREMENT for table `role`
--
ALTER TABLE `role`
  MODIFY `roleID` int(11) NOT NULL AUTO_INCREMENT, AUTO_INCREMENT=5;

--
-- AUTO_INCREMENT for table `scope`
--
ALTER TABLE `scope`
  MODIFY `ScopeID` int(11) NOT NULL AUTO_INCREMENT, AUTO_INCREMENT=5;

--
-- AUTO_INCREMENT for table `teacher`
--
ALTER TABLE `teacher`
  MODIFY `teacherid` int(11) NOT NULL AUTO_INCREMENT, AUTO_INCREMENT=11;

--
-- AUTO_INCREMENT for table `transactionhistory`
--
ALTER TABLE `transactionhistory`
  MODIFY `transactionID` int(11) NOT NULL AUTO_INCREMENT, AUTO_INCREMENT=3;

--
-- AUTO_INCREMENT for table `user`
--
ALTER TABLE `user`
  MODIFY `userID` int(11) NOT NULL AUTO_INCREMENT COMMENT 'split into two table to ???\r\n', AUTO_INCREMENT=5;

--
-- AUTO_INCREMENT for table `userinformation`
--
ALTER TABLE `userinformation`
  MODIFY `userID` int(11) NOT NULL AUTO_INCREMENT, AUTO_INCREMENT=2;

--
-- Constraints for dumped tables
--

--
-- Constraints for table `blog`
--
ALTER TABLE `blog`
  ADD CONSTRAINT `blog_ibfk_1` FOREIGN KEY (`userID`) REFERENCES `user` (`userID`);

--
-- Constraints for table `category`
--
ALTER TABLE `category`
  ADD CONSTRAINT `category_ibfk_1` FOREIGN KEY (`parentCategoryID`) REFERENCES `category` (`categoryID`);

--
-- Constraints for table `course`
--
ALTER TABLE `course`
  ADD CONSTRAINT `course_ibfk_1` FOREIGN KEY (`categoryID`) REFERENCES `category` (`categoryID`),
  ADD CONSTRAINT `course_ibfk_2` FOREIGN KEY (`userID`) REFERENCES `user` (`userID`);

--
-- Constraints for table `coursesegment`
--
ALTER TABLE `coursesegment`
  ADD CONSTRAINT `coursesegment_ibfk_1` FOREIGN KEY (`courseID`) REFERENCES `course` (`courseID`);

--
-- Constraints for table `course_teach`
--
ALTER TABLE `course_teach`
  ADD CONSTRAINT `courseID` FOREIGN KEY (`courseID`) REFERENCES `course` (`courseID`),
  ADD CONSTRAINT `teacherid` FOREIGN KEY (`teacherID`) REFERENCES `teacher` (`teacherid`);

--
-- Constraints for table `exam`
--
ALTER TABLE `exam`
  ADD CONSTRAINT `exam_ibfk_1` FOREIGN KEY (`segmentID`) REFERENCES `lecture` (`lectureID`);

--
-- Constraints for table `learnhistory`
--
ALTER TABLE `learnhistory`
  ADD CONSTRAINT `learnhistory_ibfk_1` FOREIGN KEY (`lectureID`) REFERENCES `lecture` (`lectureID`),
  ADD CONSTRAINT `learnhistory_ibfk_2` FOREIGN KEY (`userID`) REFERENCES `user` (`userID`);

--
-- Constraints for table `lecture`
--
ALTER TABLE `lecture`
  ADD CONSTRAINT `lecture_ibfk_1` FOREIGN KEY (`segmentID`) REFERENCES `coursesegment` (`segmentID`);

--
-- Constraints for table `scopepermission`
--
ALTER TABLE `scopepermission`
  ADD CONSTRAINT `scopepermission_ibfk_1` FOREIGN KEY (`roleID`) REFERENCES `role` (`roleID`),
  ADD CONSTRAINT `scopepermission_ibfk_2` FOREIGN KEY (`scopeID`) REFERENCES `scope` (`ScopeID`);

--
-- Constraints for table `token`
--
ALTER TABLE `token`
  ADD CONSTRAINT `FKiblu4cjwvyntq3ugo31klp1c6` FOREIGN KEY (`user_id`) REFERENCES `_user` (`id`);

--
-- Constraints for table `transactionhistory`
--
ALTER TABLE `transactionhistory`
  ADD CONSTRAINT `transactionhistory_ibfk_1` FOREIGN KEY (`courseID`) REFERENCES `course` (`courseID`) ON DELETE CASCADE,
  ADD CONSTRAINT `transactionhistory_ibfk_2` FOREIGN KEY (`userID`) REFERENCES `user` (`userID`) ON DELETE CASCADE;

--
-- Constraints for table `user`
--
ALTER TABLE `user`
  ADD CONSTRAINT `user_ibfk_1` FOREIGN KEY (`scopeID`) REFERENCES `scope` (`ScopeID`);
COMMIT;

/*!40101 SET CHARACTER_SET_CLIENT=@OLD_CHARACTER_SET_CLIENT */;
/*!40101 SET CHARACTER_SET_RESULTS=@OLD_CHARACTER_SET_RESULTS */;
/*!40101 SET COLLATION_CONNECTION=@OLD_COLLATION_CONNECTION */;
